-- MySQL dump 10.13  Distrib 8.0.36, for Win64 (x86_64)
--
-- Host: localhost    Database: proyecto_eventos
-- ------------------------------------------------------
-- Server version	8.4.0

/*!40101 SET @OLD_CHARACTER_SET_CLIENT=@@CHARACTER_SET_CLIENT */;
/*!40101 SET @OLD_CHARACTER_SET_RESULTS=@@CHARACTER_SET_RESULTS */;
/*!40101 SET @OLD_COLLATION_CONNECTION=@@COLLATION_CONNECTION */;
/*!50503 SET NAMES utf8 */;
/*!40103 SET @OLD_TIME_ZONE=@@TIME_ZONE */;
/*!40103 SET TIME_ZONE='+00:00' */;
/*!40014 SET @OLD_UNIQUE_CHECKS=@@UNIQUE_CHECKS, UNIQUE_CHECKS=0 */;
/*!40014 SET @OLD_FOREIGN_KEY_CHECKS=@@FOREIGN_KEY_CHECKS, FOREIGN_KEY_CHECKS=0 */;
/*!40101 SET @OLD_SQL_MODE=@@SQL_MODE, SQL_MODE='NO_AUTO_VALUE_ON_ZERO' */;
/*!40111 SET @OLD_SQL_NOTES=@@SQL_NOTES, SQL_NOTES=0 */;

--
-- Table structure for table `categoria`
--

DROP TABLE IF EXISTS `categoria`;
/*!40101 SET @saved_cs_client     = @@character_set_client */;
/*!50503 SET character_set_client = utf8mb4 */;
CREATE TABLE `categoria` (
  `id` int NOT NULL AUTO_INCREMENT,
  `nombre` varchar(50) COLLATE utf8mb4_unicode_ci NOT NULL,
  `descripcion` varchar(255) COLLATE utf8mb4_unicode_ci DEFAULT NULL,
  PRIMARY KEY (`id`)
) ENGINE=InnoDB AUTO_INCREMENT=4 DEFAULT CHARSET=utf8mb4 COLLATE=utf8mb4_unicode_ci;
/*!40101 SET character_set_client = @saved_cs_client */;

--
-- Dumping data for table `categoria`
--

LOCK TABLES `categoria` WRITE;
/*!40000 ALTER TABLE `categoria` DISABLE KEYS */;
INSERT INTO `categoria` VALUES (1,'Tecnología','Eventos relacionados con tecnología'),(2,'Cultura','Eventos culturales'),(3,'Deportes','Eventos deportivos');
/*!40000 ALTER TABLE `categoria` ENABLE KEYS */;
UNLOCK TABLES;

--
-- Table structure for table `departamento`
--

DROP TABLE IF EXISTS `departamento`;
/*!40101 SET @saved_cs_client     = @@character_set_client */;
/*!50503 SET character_set_client = utf8mb4 */;
CREATE TABLE `departamento` (
  `id` int NOT NULL AUTO_INCREMENT,
  `codigo` varchar(50) COLLATE utf8mb4_unicode_ci NOT NULL,
  `nombre` varchar(100) COLLATE utf8mb4_unicode_ci NOT NULL,
  `fecha_creacion` timestamp NOT NULL DEFAULT CURRENT_TIMESTAMP,
  `fecha_modificacion` timestamp NULL DEFAULT NULL ON UPDATE CURRENT_TIMESTAMP,
  PRIMARY KEY (`id`),
  UNIQUE KEY `codigo_UNIQUE` (`codigo`)
) ENGINE=InnoDB AUTO_INCREMENT=34 DEFAULT CHARSET=utf8mb4 COLLATE=utf8mb4_unicode_ci;
/*!40101 SET character_set_client = @saved_cs_client */;

--
-- Dumping data for table `departamento`
--

LOCK TABLES `departamento` WRITE;
/*!40000 ALTER TABLE `departamento` DISABLE KEYS */;
INSERT INTO `departamento` VALUES (1,'5','ANTIOQUIA','2024-11-01 02:17:34',NULL),(2,'8','ATLÁNTICO','2024-11-01 02:17:34',NULL),(3,'11','BOGOTÁ, D.C.','2024-11-01 02:17:34',NULL),(4,'13','BOLÍVAR','2024-11-01 02:17:34',NULL),(5,'15','BOYACÁ','2024-11-01 02:17:34',NULL),(6,'17','CALDAS','2024-11-01 02:17:34',NULL),(7,'18','CAQUETÁ','2024-11-01 02:17:34',NULL),(8,'19','CAUCA','2024-11-01 02:17:34',NULL),(9,'20','CESAR','2024-11-01 02:17:34',NULL),(10,'23','CÓRDOBA','2024-11-01 02:17:34',NULL),(11,'25','CUNDINAMARCA','2024-11-01 02:17:34',NULL),(12,'27','CHOCÓ','2024-11-01 02:17:34',NULL),(13,'41','HUILA','2024-11-01 02:17:34',NULL),(14,'44','LA GUAJIRA','2024-11-01 02:17:34',NULL),(15,'47','MAGDALENA','2024-11-01 02:17:34',NULL),(16,'50','META','2024-11-01 02:17:34',NULL),(17,'52','NARIÑO','2024-11-01 02:17:34',NULL),(18,'54','NORTE DE SANTANDER','2024-11-01 02:17:34',NULL),(19,'63','QUINDIO','2024-11-01 02:17:34',NULL),(20,'66','RISARALDA','2024-11-01 02:17:34',NULL),(21,'68','SANTANDER','2024-11-01 02:17:34',NULL),(22,'70','SUCRE','2024-11-01 02:17:34',NULL),(23,'73','TOLIMA','2024-11-01 02:17:34',NULL),(24,'76','VALLE DEL CAUCA','2024-11-01 02:17:34',NULL),(25,'81','ARAUCA','2024-11-01 02:17:34',NULL),(26,'85','CASANARE','2024-11-01 02:17:34',NULL),(27,'86','PUTUMAYO','2024-11-01 02:17:34',NULL),(28,'88','ARCHIPIÉLAGO DE SAN ANDRÉS, PROVIDENCIA Y SANTA CATALINA','2024-11-01 02:17:34',NULL),(29,'91','AMAZONAS','2024-11-01 02:17:34',NULL),(30,'94','GUAINÍA','2024-11-01 02:17:34',NULL),(31,'95','GUAVIARE','2024-11-01 02:17:34',NULL),(32,'97','VAUPÉS','2024-11-01 02:17:34',NULL),(33,'99','VICHADA','2024-11-01 02:17:34',NULL);
/*!40000 ALTER TABLE `departamento` ENABLE KEYS */;
UNLOCK TABLES;

--
-- Table structure for table `emprendimiento`
--

DROP TABLE IF EXISTS `emprendimiento`;
/*!40101 SET @saved_cs_client     = @@character_set_client */;
/*!50503 SET character_set_client = utf8mb4 */;
CREATE TABLE `emprendimiento` (
  `id` int NOT NULL AUTO_INCREMENT,
  `codigo` varchar(20) COLLATE utf8mb4_unicode_ci NOT NULL,
  `nombre` varchar(50) COLLATE utf8mb4_unicode_ci NOT NULL,
  `id_municipio` int NOT NULL,
  `fecha_creacion` timestamp NOT NULL DEFAULT CURRENT_TIMESTAMP,
  `fecha_modificacion` timestamp NULL DEFAULT NULL ON UPDATE CURRENT_TIMESTAMP,
  `id_categoria` int NOT NULL,
  PRIMARY KEY (`id`),
  KEY `fk_emprendimiento_municipio` (`id_municipio`),
  KEY `fk_emprendimiento_categoria` (`id_categoria`),
  CONSTRAINT `fk_emprendimiento_categoria` FOREIGN KEY (`id_categoria`) REFERENCES `categoria` (`id`),
  CONSTRAINT `fk_emprendimiento_municipio` FOREIGN KEY (`id_municipio`) REFERENCES `municipio` (`id`)
) ENGINE=InnoDB AUTO_INCREMENT=4 DEFAULT CHARSET=utf8mb4 COLLATE=utf8mb4_unicode_ci;
/*!40101 SET character_set_client = @saved_cs_client */;

--
-- Dumping data for table `emprendimiento`
--

LOCK TABLES `emprendimiento` WRITE;
/*!40000 ALTER TABLE `emprendimiento` DISABLE KEYS */;
INSERT INTO `emprendimiento` VALUES (1,'EMP001','Tech Innovators',1,'2024-11-01 22:44:18',NULL,1),(2,'EMP002','Cultural Fest',2,'2024-11-01 22:44:18',NULL,2),(3,'EMP003','Sports World',3,'2024-11-01 22:44:18',NULL,3);
/*!40000 ALTER TABLE `emprendimiento` ENABLE KEYS */;
UNLOCK TABLES;

--
-- Table structure for table `evento`
--

DROP TABLE IF EXISTS `evento`;
/*!40101 SET @saved_cs_client     = @@character_set_client */;
/*!50503 SET character_set_client = utf8mb4 */;
CREATE TABLE `evento` (
  `id` int NOT NULL AUTO_INCREMENT,
  `nombre` varchar(255) COLLATE utf8mb4_unicode_ci NOT NULL,
  `fecha` timestamp NOT NULL,
  `id_municipio` int NOT NULL,
  `direccion` varchar(255) COLLATE utf8mb4_unicode_ci NOT NULL,
  `descripcion` text COLLATE utf8mb4_unicode_ci,
  `fecha_creacion` timestamp NOT NULL DEFAULT CURRENT_TIMESTAMP,
  `fecha_modificacion` timestamp NULL DEFAULT NULL ON UPDATE CURRENT_TIMESTAMP,
  PRIMARY KEY (`id`),
  KEY `fk_evento_municipio` (`id_municipio`),
  CONSTRAINT `fk_evento_municipio` FOREIGN KEY (`id_municipio`) REFERENCES `municipio` (`id`)
) ENGINE=InnoDB AUTO_INCREMENT=4 DEFAULT CHARSET=utf8mb4 COLLATE=utf8mb4_unicode_ci;
/*!40101 SET character_set_client = @saved_cs_client */;

--
-- Dumping data for table `evento`
--

LOCK TABLES `evento` WRITE;
/*!40000 ALTER TABLE `evento` DISABLE KEYS */;
INSERT INTO `evento` VALUES (1,'Tech Conference 2024','2024-11-01 14:00:00',1,'Centro de Convenciones','Conferencia sobre innovación tecnológica','2024-11-01 22:44:43',NULL),(2,'Cultural Parade','2024-12-15 15:00:00',2,'Avenida Principal','Desfile cultural con diversas actividades','2024-11-01 22:44:43',NULL),(3,'Maratón Bogotá','2024-10-20 11:00:00',3,'Parque Simón Bolívar','Maratón anual de la ciudad','2024-11-01 22:44:43',NULL);
/*!40000 ALTER TABLE `evento` ENABLE KEYS */;
UNLOCK TABLES;

--
-- Table structure for table `evento_emprendimiento`
--

DROP TABLE IF EXISTS `evento_emprendimiento`;
/*!40101 SET @saved_cs_client     = @@character_set_client */;
/*!50503 SET character_set_client = utf8mb4 */;
CREATE TABLE `evento_emprendimiento` (
  `id` int NOT NULL AUTO_INCREMENT,
  `id_evento` int NOT NULL,
  `id_emprendimiento` int NOT NULL,
  PRIMARY KEY (`id`),
  KEY `fk_evento_emprendimiento_evento` (`id_evento`),
  KEY `fk_evento_emprendimiento_emprendimiento` (`id_emprendimiento`),
  CONSTRAINT `fk_evento_emprendimiento_emprendimiento` FOREIGN KEY (`id_emprendimiento`) REFERENCES `emprendimiento` (`id`),
  CONSTRAINT `fk_evento_emprendimiento_evento` FOREIGN KEY (`id_evento`) REFERENCES `evento` (`id`)
) ENGINE=InnoDB AUTO_INCREMENT=4 DEFAULT CHARSET=utf8mb4 COLLATE=utf8mb4_unicode_ci;
/*!40101 SET character_set_client = @saved_cs_client */;

--
-- Dumping data for table `evento_emprendimiento`
--

LOCK TABLES `evento_emprendimiento` WRITE;
/*!40000 ALTER TABLE `evento_emprendimiento` DISABLE KEYS */;
INSERT INTO `evento_emprendimiento` VALUES (1,1,1),(2,2,2),(3,3,3);
/*!40000 ALTER TABLE `evento_emprendimiento` ENABLE KEYS */;
UNLOCK TABLES;

--
-- Table structure for table `municipio`
--

DROP TABLE IF EXISTS `municipio`;
/*!40101 SET @saved_cs_client     = @@character_set_client */;
/*!50503 SET character_set_client = utf8mb4 */;
CREATE TABLE `municipio` (
  `id` int NOT NULL AUTO_INCREMENT,
  `codigo` varchar(50) COLLATE utf8mb4_unicode_ci NOT NULL,
  `nombre` varchar(50) COLLATE utf8mb4_unicode_ci NOT NULL,
  `id_departamento` int NOT NULL,
  `fecha_creacion` timestamp NOT NULL DEFAULT CURRENT_TIMESTAMP,
  `fecha_modificacion` timestamp NULL DEFAULT NULL ON UPDATE CURRENT_TIMESTAMP,
  PRIMARY KEY (`id`),
  UNIQUE KEY `codigo_UNIQUE` (`codigo`),
  KEY `fk_municipio_departamento` (`id_departamento`),
  CONSTRAINT `fk_municipio_departamento` FOREIGN KEY (`id_departamento`) REFERENCES `departamento` (`id`)
) ENGINE=InnoDB AUTO_INCREMENT=1121 DEFAULT CHARSET=utf8mb4 COLLATE=utf8mb4_unicode_ci;
/*!40101 SET character_set_client = @saved_cs_client */;

--
-- Dumping data for table `municipio`
--

LOCK TABLES `municipio` WRITE;
/*!40000 ALTER TABLE `municipio` DISABLE KEYS */;
INSERT INTO `municipio` VALUES (1,'5001','Medellín',5,'2024-11-01 22:32:36',NULL),(2,'5002','Abejorral',5,'2024-11-01 22:32:36',NULL),(3,'5004','Abriaqui',5,'2024-11-01 22:32:36',NULL),(4,'5021','Alejandria',5,'2024-11-01 22:32:36',NULL),(5,'5030','Amaga',5,'2024-11-01 22:32:36',NULL),(6,'5031','Amalfi',5,'2024-11-01 22:32:36',NULL),(7,'5034','Andes',5,'2024-11-01 22:32:36',NULL),(8,'5036','Angelopolis',5,'2024-11-01 22:32:36',NULL),(9,'5038','Angostura',5,'2024-11-01 22:32:36',NULL),(10,'5040','Anori',5,'2024-11-01 22:32:36',NULL),(11,'5042','Santafe De Antioquia',5,'2024-11-01 22:32:36',NULL),(12,'5044','Anza',5,'2024-11-01 22:32:36',NULL),(13,'5045','Apartado',5,'2024-11-01 22:32:36',NULL),(14,'5051','Arboletes',5,'2024-11-01 22:32:36',NULL),(15,'5055','Argelia',5,'2024-11-01 22:32:36',NULL),(16,'5059','Armenia',5,'2024-11-01 22:32:36',NULL),(17,'5079','Barbosa',5,'2024-11-01 22:32:36',NULL),(18,'5086','Belmira',5,'2024-11-01 22:32:36',NULL),(19,'5088','Bello',5,'2024-11-01 22:32:36',NULL),(20,'5091','Betania',5,'2024-11-01 22:32:36',NULL),(21,'5093','Betulia',5,'2024-11-01 22:32:36',NULL),(22,'5101','Ciudad Bolivar',5,'2024-11-01 22:32:36',NULL),(23,'5107','Briceño',5,'2024-11-01 22:32:36',NULL),(24,'5113','Buritica',5,'2024-11-01 22:32:36',NULL),(25,'5120','Caceres',5,'2024-11-01 22:32:36',NULL),(26,'5125','Caicedo',5,'2024-11-01 22:32:36',NULL),(27,'5129','Caldas',5,'2024-11-01 22:32:36',NULL),(28,'5134','Campamento',5,'2024-11-01 22:32:36',NULL),(29,'5138','Cañasgordas',5,'2024-11-01 22:32:36',NULL),(30,'5142','Caracoli',5,'2024-11-01 22:32:36',NULL),(31,'5145','Caramanta',5,'2024-11-01 22:32:36',NULL),(32,'5147','Carepa',5,'2024-11-01 22:32:36',NULL),(33,'5148','El Carmen De Viboral',5,'2024-11-01 22:32:36',NULL),(34,'5150','Carolina',5,'2024-11-01 22:32:36',NULL),(35,'5154','Caucasia',5,'2024-11-01 22:32:36',NULL),(36,'5172','Chigorodo',5,'2024-11-01 22:32:36',NULL),(37,'5190','Cisneros',5,'2024-11-01 22:32:36',NULL),(38,'5197','Cocorna',5,'2024-11-01 22:32:36',NULL),(39,'5206','Concepcion',5,'2024-11-01 22:32:36',NULL),(40,'5209','Concordia',5,'2024-11-01 22:32:36',NULL),(41,'5212','Copacabana',5,'2024-11-01 22:32:36',NULL),(42,'5234','Dabeiba',5,'2024-11-01 22:32:36',NULL),(43,'5237','Don Matias',5,'2024-11-01 22:32:36',NULL),(44,'5240','Ebejico',5,'2024-11-01 22:32:36',NULL),(45,'5250','El Bagre',5,'2024-11-01 22:32:36',NULL),(46,'5264','Entrerrios',5,'2024-11-01 22:32:36',NULL),(47,'5266','Envigado',5,'2024-11-01 22:32:36',NULL),(48,'5282','Fredonia',5,'2024-11-01 22:32:36',NULL),(49,'5284','Frontino',5,'2024-11-01 22:32:36',NULL),(50,'5306','Giraldo',5,'2024-11-01 22:32:36',NULL),(51,'5308','Girardota',5,'2024-11-01 22:32:36',NULL),(52,'5310','Gomez Plata',5,'2024-11-01 22:32:36',NULL),(53,'5313','Granada',5,'2024-11-01 22:32:36',NULL),(54,'5315','Guadalupe',5,'2024-11-01 22:32:36',NULL),(55,'5318','Guarne',5,'2024-11-01 22:32:36',NULL),(56,'5321','Guatape',5,'2024-11-01 22:32:36',NULL),(57,'5347','Heliconia',5,'2024-11-01 22:32:36',NULL),(58,'5353','Hispania',5,'2024-11-01 22:32:36',NULL),(59,'5360','Itagui',5,'2024-11-01 22:32:36',NULL),(60,'5361','Ituango',5,'2024-11-01 22:32:36',NULL),(61,'5364','Jardin',5,'2024-11-01 22:32:36',NULL),(62,'5368','Jerico',5,'2024-11-01 22:32:36',NULL),(63,'5376','La Ceja',5,'2024-11-01 22:32:36',NULL),(64,'5380','La Estrella',5,'2024-11-01 22:32:36',NULL),(65,'5390','La Pintada',5,'2024-11-01 22:32:36',NULL),(66,'5400','La Union',5,'2024-11-01 22:32:36',NULL),(67,'5411','Liborina',5,'2024-11-01 22:32:36',NULL),(68,'5425','Maceo',5,'2024-11-01 22:32:36',NULL),(69,'5440','Marinilla',5,'2024-11-01 22:32:36',NULL),(70,'5467','Montebello',5,'2024-11-01 22:32:36',NULL),(71,'5475','Murindo',5,'2024-11-01 22:32:36',NULL),(72,'5480','Mutata',5,'2024-11-01 22:32:36',NULL),(73,'5483','Nariño',5,'2024-11-01 22:32:36',NULL),(74,'5490','Necocli',5,'2024-11-01 22:32:36',NULL),(75,'5495','Nechi',5,'2024-11-01 22:32:36',NULL),(76,'5501','Olaya',5,'2024-11-01 22:32:36',NULL),(77,'5541','Peðol',5,'2024-11-01 22:32:36',NULL),(78,'5543','Peque',5,'2024-11-01 22:32:36',NULL),(79,'5576','Pueblorrico',5,'2024-11-01 22:32:36',NULL),(80,'5579','Puerto Berrio',5,'2024-11-01 22:32:36',NULL),(81,'5585','Puerto Nare',5,'2024-11-01 22:32:36',NULL),(82,'5591','Puerto Triunfo',5,'2024-11-01 22:32:36',NULL),(83,'5604','Remedios',5,'2024-11-01 22:32:36',NULL),(84,'5607','Retiro',5,'2024-11-01 22:32:36',NULL),(85,'5615','Rionegro',5,'2024-11-01 22:32:36',NULL),(86,'5628','Sabanalarga',5,'2024-11-01 22:32:36',NULL),(87,'5631','Sabaneta',5,'2024-11-01 22:32:36',NULL),(88,'5642','Salgar',5,'2024-11-01 22:32:36',NULL),(89,'5647','San Andres De Cuerquia',5,'2024-11-01 22:32:36',NULL),(90,'5649','San Carlos',5,'2024-11-01 22:32:36',NULL),(91,'5652','San Francisco',5,'2024-11-01 22:32:36',NULL),(92,'5656','San Jeronimo',5,'2024-11-01 22:32:36',NULL),(93,'5658','San Jose De La Montaña',5,'2024-11-01 22:32:36',NULL),(94,'5659','San Juan De Uraba',5,'2024-11-01 22:32:36',NULL),(95,'5660','San Luis',5,'2024-11-01 22:32:36',NULL),(96,'5664','San Pedro',5,'2024-11-01 22:32:36',NULL),(97,'5665','San Pedro De Uraba',5,'2024-11-01 22:32:36',NULL),(98,'5667','San Rafael',5,'2024-11-01 22:32:36',NULL),(99,'5670','San Roque',5,'2024-11-01 22:32:36',NULL),(100,'5674','San Vicente',5,'2024-11-01 22:32:36',NULL),(101,'5679','Santa Barbara',5,'2024-11-01 22:32:36',NULL),(102,'5686','Santa Rosa De Osos',5,'2024-11-01 22:32:36',NULL),(103,'5690','Santo Domingo',5,'2024-11-01 22:32:36',NULL),(104,'5697','El Santuario',5,'2024-11-01 22:32:36',NULL),(105,'5736','Segovia',5,'2024-11-01 22:32:36',NULL),(106,'5756','Sonson',5,'2024-11-01 22:32:36',NULL),(107,'5761','Sopetran',5,'2024-11-01 22:32:36',NULL),(108,'5789','Tamesis',5,'2024-11-01 22:32:36',NULL),(109,'5790','Taraza',5,'2024-11-01 22:32:36',NULL),(110,'5792','Tarso',5,'2024-11-01 22:32:36',NULL),(111,'5809','Titiribi',5,'2024-11-01 22:32:36',NULL),(112,'5819','Toledo',5,'2024-11-01 22:32:36',NULL),(113,'5837','Turbo',5,'2024-11-01 22:32:36',NULL),(114,'5842','Uramita',5,'2024-11-01 22:32:36',NULL),(115,'5847','Urrao',5,'2024-11-01 22:32:36',NULL),(116,'5854','Valdivia',5,'2024-11-01 22:32:36',NULL),(117,'5856','Valparaiso',5,'2024-11-01 22:32:36',NULL),(118,'5858','Vegachi',5,'2024-11-01 22:32:36',NULL),(119,'5861','Venecia',5,'2024-11-01 22:32:36',NULL),(120,'5873','Vigia Del Fuerte',5,'2024-11-01 22:32:36',NULL),(121,'5885','Yali',5,'2024-11-01 22:32:36',NULL),(122,'5887','Yarumal',5,'2024-11-01 22:32:36',NULL),(123,'5890','Yolombo',5,'2024-11-01 22:32:36',NULL),(124,'5893','Yondo',5,'2024-11-01 22:32:36',NULL),(125,'5895','Zaragoza',5,'2024-11-01 22:32:36',NULL),(126,'8001','Barranquilla',8,'2024-11-01 22:32:36',NULL),(127,'8078','Baranoa',8,'2024-11-01 22:32:36',NULL),(128,'8137','Campo De La Cruz',8,'2024-11-01 22:32:36',NULL),(129,'8141','Candelaria',8,'2024-11-01 22:32:36',NULL),(130,'8296','Galapa',8,'2024-11-01 22:32:36',NULL),(131,'8372','Juan De Acosta',8,'2024-11-01 22:32:36',NULL),(132,'8421','Luruaco',8,'2024-11-01 22:32:36',NULL),(133,'8433','Malambo',8,'2024-11-01 22:32:36',NULL),(134,'8436','Manati',8,'2024-11-01 22:32:36',NULL),(135,'8520','Palmar De Varela',8,'2024-11-01 22:32:36',NULL),(136,'8549','Piojo',8,'2024-11-01 22:32:36',NULL),(137,'8558','Polonuevo',8,'2024-11-01 22:32:36',NULL),(138,'8560','Ponedera',8,'2024-11-01 22:32:36',NULL),(139,'8573','Puerto Colombia',8,'2024-11-01 22:32:36',NULL),(140,'8606','Repelon',8,'2024-11-01 22:32:36',NULL),(141,'8634','Sabanagrande',8,'2024-11-01 22:32:36',NULL),(142,'8638','Sabanalarga',8,'2024-11-01 22:32:36',NULL),(143,'8675','Santa Lucia',8,'2024-11-01 22:32:36',NULL),(144,'8685','Santo Tomas',8,'2024-11-01 22:32:36',NULL),(145,'8758','Soledad',8,'2024-11-01 22:32:36',NULL),(146,'8770','Suan',8,'2024-11-01 22:32:36',NULL),(147,'8832','Tubara',8,'2024-11-01 22:32:36',NULL),(148,'8849','Usiacuri',8,'2024-11-01 22:32:36',NULL),(149,'11001','Bogota, D.C.',11,'2024-11-01 22:32:36',NULL),(150,'13001','Cartagena',13,'2024-11-01 22:32:36',NULL),(151,'13006','Achi',13,'2024-11-01 22:32:36',NULL),(152,'13030','Altos Del Rosario',13,'2024-11-01 22:32:36',NULL),(153,'13042','Arenal',13,'2024-11-01 22:32:36',NULL),(154,'13052','Arjona',13,'2024-11-01 22:32:36',NULL),(155,'13062','Arroyohondo',13,'2024-11-01 22:32:36',NULL),(156,'13074','Barranco De Loba',13,'2024-11-01 22:32:36',NULL),(157,'13140','Calamar',13,'2024-11-01 22:32:36',NULL),(158,'13160','Cantagallo',13,'2024-11-01 22:32:36',NULL),(159,'13188','Cicuco',13,'2024-11-01 22:32:36',NULL),(160,'13212','Cordoba',13,'2024-11-01 22:32:36',NULL),(161,'13222','Clemencia',13,'2024-11-01 22:32:36',NULL),(162,'13244','El Carmen De Bolivar',13,'2024-11-01 22:32:36',NULL),(163,'13248','El Guamo',13,'2024-11-01 22:32:36',NULL),(164,'13268','El Peñon',13,'2024-11-01 22:32:36',NULL),(165,'13300','Hatillo De Loba',13,'2024-11-01 22:32:36',NULL),(166,'13430','Magangue',13,'2024-11-01 22:32:36',NULL),(167,'13433','Mahates',13,'2024-11-01 22:32:36',NULL),(168,'13440','Margarita',13,'2024-11-01 22:32:36',NULL),(169,'13442','Maria La Baja',13,'2024-11-01 22:32:36',NULL),(170,'13458','Montecristo',13,'2024-11-01 22:32:36',NULL),(171,'13468','Mompos',13,'2024-11-01 22:32:36',NULL),(172,'13473','Morales',13,'2024-11-01 22:32:36',NULL),(173,'13490','Norosi',13,'2024-11-01 22:32:36',NULL),(174,'13549','Pinillos',13,'2024-11-01 22:32:36',NULL),(175,'13580','Regidor',13,'2024-11-01 22:32:36',NULL),(176,'13600','Rio Viejo',13,'2024-11-01 22:32:36',NULL),(177,'13620','San Cristobal',13,'2024-11-01 22:32:36',NULL),(178,'13647','San Estanislao',13,'2024-11-01 22:32:36',NULL),(179,'13650','San Fernando',13,'2024-11-01 22:32:36',NULL),(180,'13654','San Jacinto',13,'2024-11-01 22:32:36',NULL),(181,'13655','San Jacinto Del Cauca',13,'2024-11-01 22:32:36',NULL),(182,'13657','San Juan Nepomuceno',13,'2024-11-01 22:32:36',NULL),(183,'13667','San Martin De Loba',13,'2024-11-01 22:32:36',NULL),(184,'13670','San Pablo',13,'2024-11-01 22:32:36',NULL),(185,'13673','Santa Catalina',13,'2024-11-01 22:32:36',NULL),(186,'13683','Santa Rosa',13,'2024-11-01 22:32:36',NULL),(187,'13688','Santa Rosa Del Sur',13,'2024-11-01 22:32:36',NULL),(188,'13744','Simiti',13,'2024-11-01 22:32:36',NULL),(189,'13760','Soplaviento',13,'2024-11-01 22:32:36',NULL),(190,'13780','Talaigua Nuevo',13,'2024-11-01 22:32:36',NULL),(191,'13810','Tiquisio',13,'2024-11-01 22:32:36',NULL),(192,'13836','Turbaco',13,'2024-11-01 22:32:36',NULL),(193,'13838','Turbana',13,'2024-11-01 22:32:36',NULL),(194,'13873','Villanueva',13,'2024-11-01 22:32:36',NULL),(195,'13894','Zambrano',13,'2024-11-01 22:32:36',NULL),(196,'15001','Tunja',15,'2024-11-01 22:32:36',NULL),(197,'15022','Almeida',15,'2024-11-01 22:32:36',NULL),(198,'15047','Aquitania',15,'2024-11-01 22:32:36',NULL),(199,'15051','Arcabuco',15,'2024-11-01 22:32:36',NULL),(200,'15087','Belen',15,'2024-11-01 22:32:36',NULL),(201,'15090','Berbeo',15,'2024-11-01 22:32:36',NULL),(202,'15092','Beteitiva',15,'2024-11-01 22:32:36',NULL),(203,'15097','Boavita',15,'2024-11-01 22:32:36',NULL),(204,'15104','Boyaca',15,'2024-11-01 22:32:36',NULL),(205,'15106','Briceño',15,'2024-11-01 22:32:36',NULL),(206,'15109','Buenavista',15,'2024-11-01 22:32:36',NULL),(207,'15114','Busbanza',15,'2024-11-01 22:32:36',NULL),(208,'15131','Caldas',15,'2024-11-01 22:32:36',NULL),(209,'15135','Campohermoso',15,'2024-11-01 22:32:36',NULL),(210,'15162','Cerinza',15,'2024-11-01 22:32:36',NULL),(211,'15172','Chinavita',15,'2024-11-01 22:32:36',NULL),(212,'15176','Chiquinquira',15,'2024-11-01 22:32:36',NULL),(213,'15180','Chiscas',15,'2024-11-01 22:32:36',NULL),(214,'15183','Chita',15,'2024-11-01 22:32:36',NULL),(215,'15185','Chitaraque',15,'2024-11-01 22:32:36',NULL),(216,'15187','Chivata',15,'2024-11-01 22:32:36',NULL),(217,'15189','Cienega',15,'2024-11-01 22:32:36',NULL),(218,'15204','Combita',15,'2024-11-01 22:32:36',NULL),(219,'15212','Coper',15,'2024-11-01 22:32:36',NULL),(220,'15215','Corrales',15,'2024-11-01 22:32:36',NULL),(221,'15218','Covarachia',15,'2024-11-01 22:32:36',NULL),(222,'15223','Cubara',15,'2024-11-01 22:32:36',NULL),(223,'15224','Cucaita',15,'2024-11-01 22:32:36',NULL),(224,'15226','Cuitiva',15,'2024-11-01 22:32:36',NULL),(225,'15232','Chiquiza',15,'2024-11-01 22:32:36',NULL),(226,'15236','Chivor',15,'2024-11-01 22:32:36',NULL),(227,'15238','Duitama',15,'2024-11-01 22:32:36',NULL),(228,'15244','El Cocuy',15,'2024-11-01 22:32:36',NULL),(229,'15248','El Espino',15,'2024-11-01 22:32:36',NULL),(230,'15272','Firavitoba',15,'2024-11-01 22:32:36',NULL),(231,'15276','Floresta',15,'2024-11-01 22:32:36',NULL),(232,'15293','Gachantiva',15,'2024-11-01 22:32:36',NULL),(233,'15296','Gameza',15,'2024-11-01 22:32:36',NULL),(234,'15299','Garagoa',15,'2024-11-01 22:32:36',NULL),(235,'15317','Guacamayas',15,'2024-11-01 22:32:36',NULL),(236,'15322','Guateque',15,'2024-11-01 22:32:36',NULL),(237,'15325','Guayata',15,'2024-11-01 22:32:36',NULL),(238,'15332','Gsican',15,'2024-11-01 22:32:36',NULL),(239,'15362','Iza',15,'2024-11-01 22:32:36',NULL),(240,'15367','Jenesano',15,'2024-11-01 22:32:36',NULL),(241,'15368','Jerico',15,'2024-11-01 22:32:36',NULL),(242,'15377','Labranzagrande',15,'2024-11-01 22:32:36',NULL),(243,'15380','La Capilla',15,'2024-11-01 22:32:36',NULL),(244,'15401','La Victoria',15,'2024-11-01 22:32:36',NULL),(245,'15403','La Uvita',15,'2024-11-01 22:32:36',NULL),(246,'15407','Villa De Leyva',15,'2024-11-01 22:32:36',NULL),(247,'15425','Macanal',15,'2024-11-01 22:32:36',NULL),(248,'15442','Maripi',15,'2024-11-01 22:32:36',NULL),(249,'15455','Miraflores',15,'2024-11-01 22:32:36',NULL),(250,'15464','Mongua',15,'2024-11-01 22:32:36',NULL),(251,'15466','Mongui',15,'2024-11-01 22:32:36',NULL),(252,'15469','Moniquira',15,'2024-11-01 22:32:36',NULL),(253,'15476','Motavita',15,'2024-11-01 22:32:36',NULL),(254,'15480','Muzo',15,'2024-11-01 22:32:36',NULL),(255,'15491','Nobsa',15,'2024-11-01 22:32:36',NULL),(256,'15494','Nuevo Colon',15,'2024-11-01 22:32:36',NULL),(257,'15500','Oicata',15,'2024-11-01 22:32:36',NULL),(258,'15507','Otanche',15,'2024-11-01 22:32:36',NULL),(259,'15511','Pachavita',15,'2024-11-01 22:32:36',NULL),(260,'15514','Paez',15,'2024-11-01 22:32:36',NULL),(261,'15516','Paipa',15,'2024-11-01 22:32:36',NULL),(262,'15518','Pajarito',15,'2024-11-01 22:32:36',NULL),(263,'15522','Panqueba',15,'2024-11-01 22:32:36',NULL),(264,'15531','Pauna',15,'2024-11-01 22:32:36',NULL),(265,'15533','Paya',15,'2024-11-01 22:32:36',NULL),(266,'15537','Paz De Rio',15,'2024-11-01 22:32:36',NULL),(267,'15542','Pesca',15,'2024-11-01 22:32:36',NULL),(268,'15550','Pisba',15,'2024-11-01 22:32:36',NULL),(269,'15572','Puerto Boyaca',15,'2024-11-01 22:32:36',NULL),(270,'15580','Quipama',15,'2024-11-01 22:32:36',NULL),(271,'15599','Ramiriqui',15,'2024-11-01 22:32:36',NULL),(272,'15600','Raquira',15,'2024-11-01 22:32:36',NULL),(273,'15621','Rondon',15,'2024-11-01 22:32:36',NULL),(274,'15632','Saboya',15,'2024-11-01 22:32:36',NULL),(275,'15638','Sachica',15,'2024-11-01 22:32:36',NULL),(276,'15646','Samaca',15,'2024-11-01 22:32:36',NULL),(277,'15660','San Eduardo',15,'2024-11-01 22:32:36',NULL),(278,'15664','San Jose De Pare',15,'2024-11-01 22:32:36',NULL),(279,'15667','San Luis De Gaceno',15,'2024-11-01 22:32:36',NULL),(280,'15673','San Mateo',15,'2024-11-01 22:32:36',NULL),(281,'15676','San Miguel De Sema',15,'2024-11-01 22:32:36',NULL),(282,'15681','San Pablo De Borbur',15,'2024-11-01 22:32:36',NULL),(283,'15686','Santana',15,'2024-11-01 22:32:36',NULL),(284,'15690','Santa Maria',15,'2024-11-01 22:32:36',NULL),(285,'15693','Santa Rosa De Viterbo',15,'2024-11-01 22:32:36',NULL),(286,'15696','Santa Sofia',15,'2024-11-01 22:32:36',NULL),(287,'15720','Sativanorte',15,'2024-11-01 22:32:36',NULL),(288,'15723','Sativasur',15,'2024-11-01 22:32:36',NULL),(289,'15740','Siachoque',15,'2024-11-01 22:32:36',NULL),(290,'15753','Soata',15,'2024-11-01 22:32:36',NULL),(291,'15755','Socota',15,'2024-11-01 22:32:36',NULL),(292,'15757','Socha',15,'2024-11-01 22:32:36',NULL),(293,'15759','Sogamoso',15,'2024-11-01 22:32:36',NULL),(294,'15761','Somondoco',15,'2024-11-01 22:32:36',NULL),(295,'15762','Sora',15,'2024-11-01 22:32:36',NULL),(296,'15763','Sotaquira',15,'2024-11-01 22:32:36',NULL),(297,'15764','Soraca',15,'2024-11-01 22:32:36',NULL),(298,'15774','Susacon',15,'2024-11-01 22:32:36',NULL),(299,'15776','Sutamarchan',15,'2024-11-01 22:32:36',NULL),(300,'15778','Sutatenza',15,'2024-11-01 22:32:36',NULL),(301,'15790','Tasco',15,'2024-11-01 22:32:36',NULL),(302,'15798','Tenza',15,'2024-11-01 22:32:36',NULL),(303,'15804','Tibana',15,'2024-11-01 22:32:36',NULL),(304,'15806','Tibasosa',15,'2024-11-01 22:32:36',NULL),(305,'15808','Tinjaca',15,'2024-11-01 22:32:36',NULL),(306,'15810','Tipacoque',15,'2024-11-01 22:32:36',NULL),(307,'15814','Toca',15,'2024-11-01 22:32:36',NULL),(308,'15816','Togsi',15,'2024-11-01 22:32:36',NULL),(309,'15820','Topaga',15,'2024-11-01 22:32:36',NULL),(310,'15822','Tota',15,'2024-11-01 22:32:36',NULL),(311,'15832','Tunungua',15,'2024-11-01 22:32:36',NULL),(312,'15835','Turmeque',15,'2024-11-01 22:32:36',NULL),(313,'15837','Tuta',15,'2024-11-01 22:32:36',NULL),(314,'15839','Tutaza',15,'2024-11-01 22:32:36',NULL),(315,'15842','Umbita',15,'2024-11-01 22:32:36',NULL),(316,'15861','Ventaquemada',15,'2024-11-01 22:32:36',NULL),(317,'15879','Viracacha',15,'2024-11-01 22:32:36',NULL),(318,'15897','Zetaquira',15,'2024-11-01 22:32:36',NULL),(319,'17001','Manizales',17,'2024-11-01 22:32:36',NULL),(320,'17013','Aguadas',17,'2024-11-01 22:32:36',NULL),(321,'17042','Anserma',17,'2024-11-01 22:32:36',NULL),(322,'17050','Aranzazu',17,'2024-11-01 22:32:36',NULL),(323,'17088','Belalcazar',17,'2024-11-01 22:32:36',NULL),(324,'17174','Chinchina',17,'2024-11-01 22:32:36',NULL),(325,'17272','Filadelfia',17,'2024-11-01 22:32:36',NULL),(326,'17380','La Dorada',17,'2024-11-01 22:32:36',NULL),(327,'17388','La Merced',17,'2024-11-01 22:32:36',NULL),(328,'17433','Manzanares',17,'2024-11-01 22:32:36',NULL),(329,'17442','Marmato',17,'2024-11-01 22:32:36',NULL),(330,'17444','Marquetalia',17,'2024-11-01 22:32:36',NULL),(331,'17446','Marulanda',17,'2024-11-01 22:32:36',NULL),(332,'17486','Neira',17,'2024-11-01 22:32:36',NULL),(333,'17495','Norcasia',17,'2024-11-01 22:32:36',NULL),(334,'17513','Pacora',17,'2024-11-01 22:32:36',NULL),(335,'17524','Palestina',17,'2024-11-01 22:32:36',NULL),(336,'17541','Pensilvania',17,'2024-11-01 22:32:36',NULL),(337,'17614','Riosucio',17,'2024-11-01 22:32:36',NULL),(338,'17616','Risaralda',17,'2024-11-01 22:32:36',NULL),(339,'17653','Salamina',17,'2024-11-01 22:32:36',NULL),(340,'17662','Samana',17,'2024-11-01 22:32:36',NULL),(341,'17665','San Jose',17,'2024-11-01 22:32:36',NULL),(342,'17777','Supia',17,'2024-11-01 22:32:36',NULL),(343,'17867','Victoria',17,'2024-11-01 22:32:36',NULL),(344,'17873','Villamaria',17,'2024-11-01 22:32:36',NULL),(345,'17877','Viterbo',17,'2024-11-01 22:32:36',NULL),(346,'18001','Florencia',18,'2024-11-01 22:32:36',NULL),(347,'18029','Albania',18,'2024-11-01 22:32:36',NULL),(348,'18094','Belen De Los Andaquies',18,'2024-11-01 22:32:36',NULL),(349,'18150','Cartagena Del Chaira',18,'2024-11-01 22:32:36',NULL),(350,'18205','Curillo',18,'2024-11-01 22:32:36',NULL),(351,'18247','El Doncello',18,'2024-11-01 22:32:36',NULL),(352,'18256','El Paujil',18,'2024-11-01 22:32:36',NULL),(353,'18410','La Montañita',18,'2024-11-01 22:32:36',NULL),(354,'18460','Milan',18,'2024-11-01 22:32:36',NULL),(355,'18479','Morelia',18,'2024-11-01 22:32:36',NULL),(356,'18592','Puerto Rico',18,'2024-11-01 22:32:36',NULL),(357,'18610','San Jose Del Fragua',18,'2024-11-01 22:32:36',NULL),(358,'18753','San Vicente Del Caguan',18,'2024-11-01 22:32:36',NULL),(359,'18756','Solano',18,'2024-11-01 22:32:36',NULL),(360,'18785','Solita',18,'2024-11-01 22:32:36',NULL),(361,'18860','Valparaiso',18,'2024-11-01 22:32:36',NULL),(362,'19001','Popayan',19,'2024-11-01 22:32:36',NULL),(363,'19022','Almaguer',19,'2024-11-01 22:32:36',NULL),(364,'19050','Argelia',19,'2024-11-01 22:32:36',NULL),(365,'19075','Balboa',19,'2024-11-01 22:32:36',NULL),(366,'19100','Bolivar',19,'2024-11-01 22:32:36',NULL),(367,'19110','Buenos Aires',19,'2024-11-01 22:32:36',NULL),(368,'19130','Cajibio',19,'2024-11-01 22:32:36',NULL),(369,'19137','Caldono',19,'2024-11-01 22:32:36',NULL),(370,'19142','Caloto',19,'2024-11-01 22:32:36',NULL),(371,'19212','Corinto',19,'2024-11-01 22:32:36',NULL),(372,'19256','El Tambo',19,'2024-11-01 22:32:36',NULL),(373,'19290','Florencia',19,'2024-11-01 22:32:36',NULL),(374,'19300','Guachene',19,'2024-11-01 22:32:36',NULL),(375,'19318','Guapi',19,'2024-11-01 22:32:36',NULL),(376,'19355','Inza',19,'2024-11-01 22:32:36',NULL),(377,'19364','Jambalo',19,'2024-11-01 22:32:36',NULL),(378,'19392','La Sierra',19,'2024-11-01 22:32:36',NULL),(379,'19397','La Vega',19,'2024-11-01 22:32:36',NULL),(380,'19418','Lopez',19,'2024-11-01 22:32:36',NULL),(381,'19450','Mercaderes',19,'2024-11-01 22:32:36',NULL),(382,'19455','Miranda',19,'2024-11-01 22:32:36',NULL),(383,'19473','Morales',19,'2024-11-01 22:32:36',NULL),(384,'19513','Padilla',19,'2024-11-01 22:32:36',NULL),(385,'19517','Paez',19,'2024-11-01 22:32:36',NULL),(386,'19532','Patia',19,'2024-11-01 22:32:36',NULL),(387,'19533','Piamonte',19,'2024-11-01 22:32:36',NULL),(388,'19548','Piendamo',19,'2024-11-01 22:32:36',NULL),(389,'19573','Puerto Tejada',19,'2024-11-01 22:32:36',NULL),(390,'19585','Purace',19,'2024-11-01 22:32:36',NULL),(391,'19622','Rosas',19,'2024-11-01 22:32:36',NULL),(392,'19693','San Sebastian',19,'2024-11-01 22:32:36',NULL),(393,'19698','Santander De Quilichao',19,'2024-11-01 22:32:36',NULL),(394,'19701','Santa Rosa',19,'2024-11-01 22:32:36',NULL),(395,'19743','Silvia',19,'2024-11-01 22:32:36',NULL),(396,'19760','Sotara',19,'2024-11-01 22:32:36',NULL),(397,'19780','Suarez',19,'2024-11-01 22:32:36',NULL),(398,'19785','Sucre',19,'2024-11-01 22:32:36',NULL),(399,'19807','Timbio',19,'2024-11-01 22:32:36',NULL),(400,'19809','Timbiqui',19,'2024-11-01 22:32:36',NULL),(401,'19821','Toribio',19,'2024-11-01 22:32:36',NULL),(402,'19824','Totoro',19,'2024-11-01 22:32:36',NULL),(403,'19845','Villa Rica',19,'2024-11-01 22:32:36',NULL),(404,'20001','Valledupar',20,'2024-11-01 22:32:36',NULL),(405,'20011','Aguachica',20,'2024-11-01 22:32:36',NULL),(406,'20013','Agustin Codazzi',20,'2024-11-01 22:32:36',NULL),(407,'20032','Astrea',20,'2024-11-01 22:32:36',NULL),(408,'20045','Becerril',20,'2024-11-01 22:32:36',NULL),(409,'20060','Bosconia',20,'2024-11-01 22:32:36',NULL),(410,'20175','Chimichagua',20,'2024-11-01 22:32:36',NULL),(411,'20178','Chiriguana',20,'2024-11-01 22:32:36',NULL),(412,'20228','Curumani',20,'2024-11-01 22:32:36',NULL),(413,'20238','El Copey',20,'2024-11-01 22:32:36',NULL),(414,'20250','El Paso',20,'2024-11-01 22:32:36',NULL),(415,'20295','Gamarra',20,'2024-11-01 22:32:36',NULL),(416,'20310','Gonzalez',20,'2024-11-01 22:32:36',NULL),(417,'20383','La Gloria',20,'2024-11-01 22:32:36',NULL),(418,'20400','La Jagua De Ibirico',20,'2024-11-01 22:32:36',NULL),(419,'20443','Manaure',20,'2024-11-01 22:32:36',NULL),(420,'20517','Pailitas',20,'2024-11-01 22:32:36',NULL),(421,'20550','Pelaya',20,'2024-11-01 22:32:36',NULL),(422,'20570','Pueblo Bello',20,'2024-11-01 22:32:36',NULL),(423,'20614','Rio De Oro',20,'2024-11-01 22:32:36',NULL),(424,'20621','La Paz',20,'2024-11-01 22:32:36',NULL),(425,'20710','San Alberto',20,'2024-11-01 22:32:36',NULL),(426,'20750','San Diego',20,'2024-11-01 22:32:36',NULL),(427,'20770','San Martin',20,'2024-11-01 22:32:36',NULL),(428,'20787','Tamalameque',20,'2024-11-01 22:32:36',NULL),(429,'23001','Monteria',23,'2024-11-01 22:32:36',NULL),(430,'23068','Ayapel',23,'2024-11-01 22:32:36',NULL),(431,'23079','Buenavista',23,'2024-11-01 22:32:36',NULL),(432,'23090','Canalete',23,'2024-11-01 22:32:36',NULL),(433,'23162','Cerete',23,'2024-11-01 22:32:36',NULL),(434,'23168','Chima',23,'2024-11-01 22:32:36',NULL),(435,'23182','Chinu',23,'2024-11-01 22:32:36',NULL),(436,'23189','Cienaga De Oro',23,'2024-11-01 22:32:36',NULL),(437,'23300','Cotorra',23,'2024-11-01 22:32:36',NULL),(438,'23350','La Apartada',23,'2024-11-01 22:32:36',NULL),(439,'23417','Lorica',23,'2024-11-01 22:32:36',NULL),(440,'23419','Los Cordobas',23,'2024-11-01 22:32:36',NULL),(441,'23464','Momil',23,'2024-11-01 22:32:36',NULL),(442,'23466','Montelibano',23,'2024-11-01 22:32:36',NULL),(443,'23500','Moñitos',23,'2024-11-01 22:32:36',NULL),(444,'23555','Planeta Rica',23,'2024-11-01 22:32:36',NULL),(445,'23570','Pueblo Nuevo',23,'2024-11-01 22:32:36',NULL),(446,'23574','Puerto Escondido',23,'2024-11-01 22:32:36',NULL),(447,'23580','Puerto Libertador',23,'2024-11-01 22:32:36',NULL),(448,'23586','Purisima',23,'2024-11-01 22:32:36',NULL),(449,'23660','Sahagun',23,'2024-11-01 22:32:36',NULL),(450,'23670','San Andres Sotavento',23,'2024-11-01 22:32:36',NULL),(451,'23672','San Antero',23,'2024-11-01 22:32:36',NULL),(452,'23675','San Bernardo Del Viento',23,'2024-11-01 22:32:36',NULL),(453,'23678','San Carlos',23,'2024-11-01 22:32:36',NULL),(454,'23686','San Pelayo',23,'2024-11-01 22:32:36',NULL),(455,'23807','Tierralta',23,'2024-11-01 22:32:36',NULL),(456,'23855','Valencia',23,'2024-11-01 22:32:36',NULL),(457,'25001','Agua De Dios',25,'2024-11-01 22:32:36',NULL),(458,'25019','Alban',25,'2024-11-01 22:32:36',NULL),(459,'25035','Anapoima',25,'2024-11-01 22:32:36',NULL),(460,'25040','Anolaima',25,'2024-11-01 22:32:36',NULL),(461,'25053','Arbelaez',25,'2024-11-01 22:32:36',NULL),(462,'25086','Beltran',25,'2024-11-01 22:32:36',NULL),(463,'25095','Bituima',25,'2024-11-01 22:32:36',NULL),(464,'25099','Bojaca',25,'2024-11-01 22:32:36',NULL),(465,'25120','Cabrera',25,'2024-11-01 22:32:36',NULL),(466,'25123','Cachipay',25,'2024-11-01 22:32:36',NULL),(467,'25126','Cajica',25,'2024-11-01 22:32:36',NULL),(468,'25148','Caparrapi',25,'2024-11-01 22:32:36',NULL),(469,'25151','Caqueza',25,'2024-11-01 22:32:36',NULL),(470,'25154','Carmen De Carupa',25,'2024-11-01 22:32:36',NULL),(471,'25168','Chaguani',25,'2024-11-01 22:32:36',NULL),(472,'25175','Chia',25,'2024-11-01 22:32:36',NULL),(473,'25178','Chipaque',25,'2024-11-01 22:32:36',NULL),(474,'25181','Choachi',25,'2024-11-01 22:32:36',NULL),(475,'25183','Choconta',25,'2024-11-01 22:32:36',NULL),(476,'25200','Cogua',25,'2024-11-01 22:32:36',NULL),(477,'25214','Cota',25,'2024-11-01 22:32:36',NULL),(478,'25224','Cucunuba',25,'2024-11-01 22:32:36',NULL),(479,'25245','El Colegio',25,'2024-11-01 22:32:36',NULL),(480,'25258','El Peñon',25,'2024-11-01 22:32:36',NULL),(481,'25260','El Rosal',25,'2024-11-01 22:32:36',NULL),(482,'25269','Facatativa',25,'2024-11-01 22:32:36',NULL),(483,'25279','Fomeque',25,'2024-11-01 22:32:36',NULL),(484,'25281','Fosca',25,'2024-11-01 22:32:36',NULL),(485,'25286','Funza',25,'2024-11-01 22:32:36',NULL),(486,'25288','Fuquene',25,'2024-11-01 22:32:36',NULL),(487,'25290','Fusagasuga',25,'2024-11-01 22:32:36',NULL),(488,'25293','Gachala',25,'2024-11-01 22:32:36',NULL),(489,'25295','Gachancipa',25,'2024-11-01 22:32:36',NULL),(490,'25297','Gacheta',25,'2024-11-01 22:32:36',NULL),(491,'25299','Gama',25,'2024-11-01 22:32:36',NULL),(492,'25307','Girardot',25,'2024-11-01 22:32:36',NULL),(493,'25312','Granada',25,'2024-11-01 22:32:36',NULL),(494,'25317','Guacheta',25,'2024-11-01 22:32:36',NULL),(495,'25320','Guaduas',25,'2024-11-01 22:32:36',NULL),(496,'25322','Guasca',25,'2024-11-01 22:32:36',NULL),(497,'25324','Guataqui',25,'2024-11-01 22:32:36',NULL),(498,'25326','Guatavita',25,'2024-11-01 22:32:36',NULL),(499,'25328','Guayabal De Siquima',25,'2024-11-01 22:32:36',NULL),(500,'25335','Guayabetal',25,'2024-11-01 22:32:36',NULL),(501,'25339','Gutierrez',25,'2024-11-01 22:32:36',NULL),(502,'25368','Jerusalen',25,'2024-11-01 22:32:36',NULL),(503,'25372','Junin',25,'2024-11-01 22:32:36',NULL),(504,'25377','La Calera',25,'2024-11-01 22:32:36',NULL),(505,'25386','La Mesa',25,'2024-11-01 22:32:36',NULL),(506,'25394','La Palma',25,'2024-11-01 22:32:36',NULL),(507,'25398','La Peña',25,'2024-11-01 22:32:36',NULL),(508,'25402','La Vega',25,'2024-11-01 22:32:36',NULL),(509,'25407','Lenguazaque',25,'2024-11-01 22:32:36',NULL),(510,'25426','Macheta',25,'2024-11-01 22:32:36',NULL),(511,'25430','Madrid',25,'2024-11-01 22:32:36',NULL),(512,'25436','Manta',25,'2024-11-01 22:32:36',NULL),(513,'25438','Medina',25,'2024-11-01 22:32:36',NULL),(514,'25473','Mosquera',25,'2024-11-01 22:32:36',NULL),(515,'25483','Nariño',25,'2024-11-01 22:32:36',NULL),(516,'25486','Nemocon',25,'2024-11-01 22:32:36',NULL),(517,'25488','Nilo',25,'2024-11-01 22:32:36',NULL),(518,'25489','Nimaima',25,'2024-11-01 22:32:36',NULL),(519,'25491','Nocaima',25,'2024-11-01 22:32:36',NULL),(520,'25506','Venecia',25,'2024-11-01 22:32:36',NULL),(521,'25513','Pacho',25,'2024-11-01 22:32:36',NULL),(522,'25518','Paime',25,'2024-11-01 22:32:36',NULL),(523,'25524','Pandi',25,'2024-11-01 22:32:36',NULL),(524,'25530','Paratebueno',25,'2024-11-01 22:32:36',NULL),(525,'25535','Pasca',25,'2024-11-01 22:32:36',NULL),(526,'25572','Puerto Salgar',25,'2024-11-01 22:32:36',NULL),(527,'25580','Puli',25,'2024-11-01 22:32:36',NULL),(528,'25592','Quebradanegra',25,'2024-11-01 22:32:36',NULL),(529,'25594','Quetame',25,'2024-11-01 22:32:36',NULL),(530,'25596','Quipile',25,'2024-11-01 22:32:36',NULL),(531,'25599','Apulo',25,'2024-11-01 22:32:36',NULL),(532,'25612','Ricaurte',25,'2024-11-01 22:32:36',NULL),(533,'25645','San Antonio Del Tequendama',25,'2024-11-01 22:32:36',NULL),(534,'25649','San Bernardo',25,'2024-11-01 22:32:36',NULL),(535,'25653','San Cayetano',25,'2024-11-01 22:32:36',NULL),(536,'25658','San Francisco',25,'2024-11-01 22:32:36',NULL),(537,'25662','San Juan De Rio Seco',25,'2024-11-01 22:32:36',NULL),(538,'25718','Sasaima',25,'2024-11-01 22:32:36',NULL),(539,'25736','Sesquile',25,'2024-11-01 22:32:36',NULL),(540,'25740','Sibate',25,'2024-11-01 22:32:36',NULL),(541,'25743','Silvania',25,'2024-11-01 22:32:36',NULL),(542,'25745','Simijaca',25,'2024-11-01 22:32:36',NULL),(543,'25754','Soacha',25,'2024-11-01 22:32:36',NULL),(544,'25758','Sopo',25,'2024-11-01 22:32:36',NULL),(545,'25769','Subachoque',25,'2024-11-01 22:32:36',NULL),(546,'25772','Suesca',25,'2024-11-01 22:32:36',NULL),(547,'25777','Supata',25,'2024-11-01 22:32:36',NULL),(548,'25779','Susa',25,'2024-11-01 22:32:36',NULL),(549,'25781','Sutatausa',25,'2024-11-01 22:32:36',NULL),(550,'25785','Tabio',25,'2024-11-01 22:32:36',NULL),(551,'25793','Tausa',25,'2024-11-01 22:32:36',NULL),(552,'25797','Tena',25,'2024-11-01 22:32:36',NULL),(553,'25799','Tenjo',25,'2024-11-01 22:32:36',NULL),(554,'25805','Tibacuy',25,'2024-11-01 22:32:36',NULL),(555,'25807','Tibirita',25,'2024-11-01 22:32:36',NULL),(556,'25815','Tocaima',25,'2024-11-01 22:32:36',NULL),(557,'25817','Tocancipa',25,'2024-11-01 22:32:36',NULL),(558,'25823','Topaipi',25,'2024-11-01 22:32:36',NULL),(559,'25839','Ubala',25,'2024-11-01 22:32:36',NULL),(560,'25841','Ubaque',25,'2024-11-01 22:32:36',NULL),(561,'25843','Villa De San Diego De Ubate',25,'2024-11-01 22:32:36',NULL),(562,'25845','Une',25,'2024-11-01 22:32:36',NULL),(563,'25851','Utica',25,'2024-11-01 22:32:36',NULL),(564,'25862','Vergara',25,'2024-11-01 22:32:36',NULL),(565,'25867','Viani',25,'2024-11-01 22:32:36',NULL),(566,'25871','Villagomez',25,'2024-11-01 22:32:36',NULL),(567,'25873','Villapinzon',25,'2024-11-01 22:32:36',NULL),(568,'25875','Villeta',25,'2024-11-01 22:32:36',NULL),(569,'25878','Viota',25,'2024-11-01 22:32:36',NULL),(570,'25885','Yacopi',25,'2024-11-01 22:32:36',NULL),(571,'25898','Zipacon',25,'2024-11-01 22:32:36',NULL),(572,'25899','Zipaquira',25,'2024-11-01 22:32:36',NULL),(573,'27001','Quibdo',27,'2024-11-01 22:32:36',NULL),(574,'27006','Acandi',27,'2024-11-01 22:32:36',NULL),(575,'27025','Alto Baudo',27,'2024-11-01 22:32:36',NULL),(576,'27050','Atrato',27,'2024-11-01 22:32:36',NULL),(577,'27073','Bagado',27,'2024-11-01 22:32:36',NULL),(578,'27075','Bahia Solano',27,'2024-11-01 22:32:36',NULL),(579,'27077','Bajo Baudo',27,'2024-11-01 22:32:36',NULL),(580,'27099','Bojaya',27,'2024-11-01 22:32:36',NULL),(581,'27135','El Canton Del San Pablo',27,'2024-11-01 22:32:36',NULL),(582,'27150','Carmen Del Darien',27,'2024-11-01 22:32:36',NULL),(583,'27160','Certegui',27,'2024-11-01 22:32:36',NULL),(584,'27205','Condoto',27,'2024-11-01 22:32:36',NULL),(585,'27245','El Carmen De Atrato',27,'2024-11-01 22:32:36',NULL),(586,'27250','El Litoral Del San Juan',27,'2024-11-01 22:32:36',NULL),(587,'27361','Istmina',27,'2024-11-01 22:32:36',NULL),(588,'27372','Jurado',27,'2024-11-01 22:32:36',NULL),(589,'27413','Lloro',27,'2024-11-01 22:32:36',NULL),(590,'27425','Medio Atrato',27,'2024-11-01 22:32:36',NULL),(591,'27430','Medio Baudo',27,'2024-11-01 22:32:36',NULL),(592,'27450','Medio San Juan',27,'2024-11-01 22:32:36',NULL),(593,'27491','Novita',27,'2024-11-01 22:32:36',NULL),(594,'27495','Nuqui',27,'2024-11-01 22:32:36',NULL),(595,'27580','Rio Iro',27,'2024-11-01 22:32:36',NULL),(596,'27600','Rio Quito',27,'2024-11-01 22:32:36',NULL),(597,'27615','Riosucio',27,'2024-11-01 22:32:36',NULL),(598,'27660','San Jose Del Palmar',27,'2024-11-01 22:32:36',NULL),(599,'27745','Sipi',27,'2024-11-01 22:32:36',NULL),(600,'27787','Tado',27,'2024-11-01 22:32:36',NULL),(601,'27800','Unguia',27,'2024-11-01 22:32:36',NULL),(602,'27810','Union Panamericana',27,'2024-11-01 22:32:36',NULL),(603,'41001','Neiva',41,'2024-11-01 22:32:36',NULL),(604,'41006','Acevedo',41,'2024-11-01 22:32:36',NULL),(605,'41013','Agrado',41,'2024-11-01 22:32:36',NULL),(606,'41016','Aipe',41,'2024-11-01 22:32:36',NULL),(607,'41020','Algeciras',41,'2024-11-01 22:32:36',NULL),(608,'41026','Altamira',41,'2024-11-01 22:32:36',NULL),(609,'41078','Baraya',41,'2024-11-01 22:32:36',NULL),(610,'41132','Campoalegre',41,'2024-11-01 22:32:36',NULL),(611,'41206','Colombia',41,'2024-11-01 22:32:36',NULL),(612,'41244','Elias',41,'2024-11-01 22:32:36',NULL),(613,'41298','Garzon',41,'2024-11-01 22:32:36',NULL),(614,'41306','Gigante',41,'2024-11-01 22:32:36',NULL),(615,'41319','Guadalupe',41,'2024-11-01 22:32:36',NULL),(616,'41349','Hobo',41,'2024-11-01 22:32:36',NULL),(617,'41357','Iquira',41,'2024-11-01 22:32:36',NULL),(618,'41359','Isnos',41,'2024-11-01 22:32:36',NULL),(619,'41378','La Argentina',41,'2024-11-01 22:32:36',NULL),(620,'41396','La Plata',41,'2024-11-01 22:32:36',NULL),(621,'41483','Nataga',41,'2024-11-01 22:32:36',NULL),(622,'41503','Oporapa',41,'2024-11-01 22:32:36',NULL),(623,'41518','Paicol',41,'2024-11-01 22:32:36',NULL),(624,'41524','Palermo',41,'2024-11-01 22:32:36',NULL),(625,'41530','Palestina',41,'2024-11-01 22:32:36',NULL),(626,'41548','Pital',41,'2024-11-01 22:32:36',NULL),(627,'41551','Pitalito',41,'2024-11-01 22:32:36',NULL),(628,'41615','Rivera',41,'2024-11-01 22:32:36',NULL),(629,'41660','Saladoblanco',41,'2024-11-01 22:32:36',NULL),(630,'41668','San Agustin',41,'2024-11-01 22:32:36',NULL),(631,'41676','Santa Maria',41,'2024-11-01 22:32:36',NULL),(632,'41770','Suaza',41,'2024-11-01 22:32:36',NULL),(633,'41791','Tarqui',41,'2024-11-01 22:32:36',NULL),(634,'41797','Tesalia',41,'2024-11-01 22:32:36',NULL),(635,'41799','Tello',41,'2024-11-01 22:32:36',NULL),(636,'41801','Teruel',41,'2024-11-01 22:32:36',NULL),(637,'41807','Timana',41,'2024-11-01 22:32:36',NULL),(638,'41872','Villavieja',41,'2024-11-01 22:32:36',NULL),(639,'41885','Yaguara',41,'2024-11-01 22:32:36',NULL),(640,'44001','Riohacha',44,'2024-11-01 22:32:36',NULL),(641,'44035','Albania',44,'2024-11-01 22:32:36',NULL),(642,'44078','Barrancas',44,'2024-11-01 22:32:36',NULL),(643,'44090','Dibulla',44,'2024-11-01 22:32:36',NULL),(644,'44098','Distraccion',44,'2024-11-01 22:32:36',NULL),(645,'44110','El Molino',44,'2024-11-01 22:32:36',NULL),(646,'44279','Fonseca',44,'2024-11-01 22:32:36',NULL),(647,'44378','Hatonuevo',44,'2024-11-01 22:32:36',NULL),(648,'44420','La Jagua Del Pilar',44,'2024-11-01 22:32:36',NULL),(649,'44430','Maicao',44,'2024-11-01 22:32:36',NULL),(650,'44560','Manaure',44,'2024-11-01 22:32:36',NULL),(651,'44650','San Juan Del Cesar',44,'2024-11-01 22:32:36',NULL),(652,'44847','Uribia',44,'2024-11-01 22:32:36',NULL),(653,'44855','Urumita',44,'2024-11-01 22:32:36',NULL),(654,'44874','Villanueva',44,'2024-11-01 22:32:36',NULL),(655,'47001','Santa Marta',47,'2024-11-01 22:32:36',NULL),(656,'47030','Algarrobo',47,'2024-11-01 22:32:36',NULL),(657,'47053','Aracataca',47,'2024-11-01 22:32:36',NULL),(658,'47058','Ariguani',47,'2024-11-01 22:32:36',NULL),(659,'47161','Cerro San Antonio',47,'2024-11-01 22:32:36',NULL),(660,'47170','Chibolo',47,'2024-11-01 22:32:36',NULL),(661,'47189','Cienaga',47,'2024-11-01 22:32:36',NULL),(662,'47205','Concordia',47,'2024-11-01 22:32:36',NULL),(663,'47245','El Banco',47,'2024-11-01 22:32:36',NULL),(664,'47258','El Piñon',47,'2024-11-01 22:32:36',NULL),(665,'47268','El Reten',47,'2024-11-01 22:32:36',NULL),(666,'47288','Fundacion',47,'2024-11-01 22:32:36',NULL),(667,'47318','Guamal',47,'2024-11-01 22:32:36',NULL),(668,'47460','Nueva Granada',47,'2024-11-01 22:32:36',NULL),(669,'47541','Pedraza',47,'2024-11-01 22:32:36',NULL),(670,'47545','Pijiño Del Carmen',47,'2024-11-01 22:32:36',NULL),(671,'47551','Pivijay',47,'2024-11-01 22:32:36',NULL),(672,'47555','Plato',47,'2024-11-01 22:32:36',NULL),(673,'47570','Puebloviejo',47,'2024-11-01 22:32:36',NULL),(674,'47605','Remolino',47,'2024-11-01 22:32:36',NULL),(675,'47660','Sabanas De San Angel',47,'2024-11-01 22:32:36',NULL),(676,'47675','Salamina',47,'2024-11-01 22:32:36',NULL),(677,'47692','San Sebastian De Buenavista',47,'2024-11-01 22:32:36',NULL),(678,'47703','San Zenon',47,'2024-11-01 22:32:36',NULL),(679,'47707','Santa Ana',47,'2024-11-01 22:32:36',NULL),(680,'47720','Santa Barbara De Pinto',47,'2024-11-01 22:32:36',NULL),(681,'47745','Sitionuevo',47,'2024-11-01 22:32:36',NULL),(682,'47798','Tenerife',47,'2024-11-01 22:32:36',NULL),(683,'47960','Zapayan',47,'2024-11-01 22:32:36',NULL),(684,'47980','Zona Bananera',47,'2024-11-01 22:32:36',NULL),(685,'50001','Villavicencio',50,'2024-11-01 22:32:36',NULL),(686,'50006','Acacias',50,'2024-11-01 22:32:36',NULL),(687,'50110','Barranca De Upia',50,'2024-11-01 22:32:36',NULL),(688,'50124','Cabuyaro',50,'2024-11-01 22:32:36',NULL),(689,'50150','Castilla La Nueva',50,'2024-11-01 22:32:36',NULL),(690,'50223','Cubarral',50,'2024-11-01 22:32:36',NULL),(691,'50226','Cumaral',50,'2024-11-01 22:32:36',NULL),(692,'50245','El Calvario',50,'2024-11-01 22:32:36',NULL),(693,'50251','El Castillo',50,'2024-11-01 22:32:36',NULL),(694,'50270','El Dorado',50,'2024-11-01 22:32:36',NULL),(695,'50287','Fuente De Oro',50,'2024-11-01 22:32:36',NULL),(696,'50313','Granada',50,'2024-11-01 22:32:36',NULL),(697,'50318','Guamal',50,'2024-11-01 22:32:36',NULL),(698,'50325','Mapiripan',50,'2024-11-01 22:32:36',NULL),(699,'50330','Mesetas',50,'2024-11-01 22:32:36',NULL),(700,'50350','La Macarena',50,'2024-11-01 22:32:36',NULL),(701,'50370','Uribe',50,'2024-11-01 22:32:36',NULL),(702,'50400','Lejanias',50,'2024-11-01 22:32:36',NULL),(703,'50450','Puerto Concordia',50,'2024-11-01 22:32:36',NULL),(704,'50568','Puerto Gaitan',50,'2024-11-01 22:32:36',NULL),(705,'50573','Puerto Lopez',50,'2024-11-01 22:32:36',NULL),(706,'50577','Puerto Lleras',50,'2024-11-01 22:32:36',NULL),(707,'50590','Puerto Rico',50,'2024-11-01 22:32:36',NULL),(708,'50606','Restrepo',50,'2024-11-01 22:32:36',NULL),(709,'50680','San Carlos De Guaroa',50,'2024-11-01 22:32:36',NULL),(710,'50683','San Juan De Arama',50,'2024-11-01 22:32:36',NULL),(711,'50686','San Juanito',50,'2024-11-01 22:32:36',NULL),(712,'50689','San Martin',50,'2024-11-01 22:32:36',NULL),(713,'50711','Vistahermosa',50,'2024-11-01 22:32:36',NULL),(714,'52001','Pasto',52,'2024-11-01 22:32:36',NULL),(715,'52019','Alban',52,'2024-11-01 22:32:36',NULL),(716,'52022','Aldana',52,'2024-11-01 22:32:36',NULL),(717,'52036','Ancuya',52,'2024-11-01 22:32:36',NULL),(718,'52051','Arboleda',52,'2024-11-01 22:32:36',NULL),(719,'52079','Barbacoas',52,'2024-11-01 22:32:36',NULL),(720,'52083','Belen',52,'2024-11-01 22:32:36',NULL),(721,'52110','Buesaco',52,'2024-11-01 22:32:36',NULL),(722,'52203','Colon',52,'2024-11-01 22:32:36',NULL),(723,'52207','Consaca',52,'2024-11-01 22:32:36',NULL),(724,'52210','Contadero',52,'2024-11-01 22:32:36',NULL),(725,'52215','Cordoba',52,'2024-11-01 22:32:36',NULL),(726,'52224','Cuaspud',52,'2024-11-01 22:32:36',NULL),(727,'52227','Cumbal',52,'2024-11-01 22:32:36',NULL),(728,'52233','Cumbitara',52,'2024-11-01 22:32:36',NULL),(729,'52240','Chachagsi',52,'2024-11-01 22:32:36',NULL),(730,'52250','El Charco',52,'2024-11-01 22:32:36',NULL),(731,'52254','El Peñol',52,'2024-11-01 22:32:36',NULL),(732,'52256','El Rosario',52,'2024-11-01 22:32:36',NULL),(733,'52258','El Tablon De Gomez',52,'2024-11-01 22:32:36',NULL),(734,'52260','El Tambo',52,'2024-11-01 22:32:36',NULL),(735,'52287','Funes',52,'2024-11-01 22:32:36',NULL),(736,'52317','Guachucal',52,'2024-11-01 22:32:36',NULL),(737,'52320','Guaitarilla',52,'2024-11-01 22:32:36',NULL),(738,'52323','Gualmatan',52,'2024-11-01 22:32:36',NULL),(739,'52352','Iles',52,'2024-11-01 22:32:36',NULL),(740,'52354','Imues',52,'2024-11-01 22:32:36',NULL),(741,'52356','Ipiales',52,'2024-11-01 22:32:36',NULL),(742,'52378','La Cruz',52,'2024-11-01 22:32:36',NULL),(743,'52381','La Florida',52,'2024-11-01 22:32:36',NULL),(744,'52385','La Llanada',52,'2024-11-01 22:32:36',NULL),(745,'52390','La Tola',52,'2024-11-01 22:32:36',NULL),(746,'52399','La Union',52,'2024-11-01 22:32:36',NULL),(747,'52405','Leiva',52,'2024-11-01 22:32:36',NULL),(748,'52411','Linares',52,'2024-11-01 22:32:36',NULL),(749,'52418','Los Andes',52,'2024-11-01 22:32:36',NULL),(750,'52427','Magsi',52,'2024-11-01 22:32:36',NULL),(751,'52435','Mallama',52,'2024-11-01 22:32:36',NULL),(752,'52473','Mosquera',52,'2024-11-01 22:32:36',NULL),(753,'52480','Nariño',52,'2024-11-01 22:32:36',NULL),(754,'52490','Olaya Herrera',52,'2024-11-01 22:32:36',NULL),(755,'52506','Ospina',52,'2024-11-01 22:32:36',NULL),(756,'52520','Francisco Pizarro',52,'2024-11-01 22:32:36',NULL),(757,'52540','Policarpa',52,'2024-11-01 22:32:36',NULL),(758,'52560','Potosi',52,'2024-11-01 22:32:36',NULL),(759,'52565','Providencia',52,'2024-11-01 22:32:36',NULL),(760,'52573','Puerres',52,'2024-11-01 22:32:36',NULL),(761,'52585','Pupiales',52,'2024-11-01 22:32:36',NULL),(762,'52612','Ricaurte',52,'2024-11-01 22:32:36',NULL),(763,'52621','Roberto Payan',52,'2024-11-01 22:32:36',NULL),(764,'52678','Samaniego',52,'2024-11-01 22:32:36',NULL),(765,'52683','Sandona',52,'2024-11-01 22:32:36',NULL),(766,'52685','San Bernardo',52,'2024-11-01 22:32:36',NULL),(767,'52687','San Lorenzo',52,'2024-11-01 22:32:36',NULL),(768,'52693','San Pablo',52,'2024-11-01 22:32:36',NULL),(769,'52694','San Pedro De Cartago',52,'2024-11-01 22:32:36',NULL),(770,'52696','Santa Barbara',52,'2024-11-01 22:32:36',NULL),(771,'52699','Santacruz',52,'2024-11-01 22:32:36',NULL),(772,'52720','Sapuyes',52,'2024-11-01 22:32:36',NULL),(773,'52786','Taminango',52,'2024-11-01 22:32:36',NULL),(774,'52788','Tangua',52,'2024-11-01 22:32:36',NULL),(775,'52835','San Andres De Tumaco',52,'2024-11-01 22:32:36',NULL),(776,'52838','Tuquerres',52,'2024-11-01 22:32:36',NULL),(777,'52885','Yacuanquer',52,'2024-11-01 22:32:36',NULL),(778,'54001','Cucuta',54,'2024-11-01 22:32:36',NULL),(779,'54003','Abrego',54,'2024-11-01 22:32:36',NULL),(780,'54051','Arboledas',54,'2024-11-01 22:32:36',NULL),(781,'54099','Bochalema',54,'2024-11-01 22:32:36',NULL),(782,'54109','Bucarasica',54,'2024-11-01 22:32:36',NULL),(783,'54125','Cacota',54,'2024-11-01 22:32:36',NULL),(784,'54128','Cachira',54,'2024-11-01 22:32:36',NULL),(785,'54172','Chinacota',54,'2024-11-01 22:32:36',NULL),(786,'54174','Chitaga',54,'2024-11-01 22:32:36',NULL),(787,'54206','Convencion',54,'2024-11-01 22:32:36',NULL),(788,'54223','Cucutilla',54,'2024-11-01 22:32:36',NULL),(789,'54239','Durania',54,'2024-11-01 22:32:36',NULL),(790,'54245','El Carmen',54,'2024-11-01 22:32:36',NULL),(791,'54250','El Tarra',54,'2024-11-01 22:32:36',NULL),(792,'54261','El Zulia',54,'2024-11-01 22:32:36',NULL),(793,'54313','Gramalote',54,'2024-11-01 22:32:36',NULL),(794,'54344','Hacari',54,'2024-11-01 22:32:36',NULL),(795,'54347','Herran',54,'2024-11-01 22:32:36',NULL),(796,'54377','Labateca',54,'2024-11-01 22:32:36',NULL),(797,'54385','La Esperanza',54,'2024-11-01 22:32:36',NULL),(798,'54398','La Playa',54,'2024-11-01 22:32:36',NULL),(799,'54405','Los Patios',54,'2024-11-01 22:32:36',NULL),(800,'54418','Lourdes',54,'2024-11-01 22:32:36',NULL),(801,'54480','Mutiscua',54,'2024-11-01 22:32:36',NULL),(802,'54498','Ocaña',54,'2024-11-01 22:32:36',NULL),(803,'54518','Pamplona',54,'2024-11-01 22:32:36',NULL),(804,'54520','Pamplonita',54,'2024-11-01 22:32:36',NULL),(805,'54553','Puerto Santander',54,'2024-11-01 22:32:36',NULL),(806,'54599','Ragonvalia',54,'2024-11-01 22:32:36',NULL),(807,'54660','Salazar',54,'2024-11-01 22:32:36',NULL),(808,'54670','San Calixto',54,'2024-11-01 22:32:36',NULL),(809,'54673','San Cayetano',54,'2024-11-01 22:32:36',NULL),(810,'54680','Santiago',54,'2024-11-01 22:32:36',NULL),(811,'54720','Sardinata',54,'2024-11-01 22:32:36',NULL),(812,'54743','Silos',54,'2024-11-01 22:32:36',NULL),(813,'54800','Teorama',54,'2024-11-01 22:32:36',NULL),(814,'54810','Tibu',54,'2024-11-01 22:32:36',NULL),(815,'54820','Toledo',54,'2024-11-01 22:32:36',NULL),(816,'54871','Villa Caro',54,'2024-11-01 22:32:36',NULL),(817,'54874','Villa Del Rosario',54,'2024-11-01 22:32:36',NULL),(818,'63001','Armenia',63,'2024-11-01 22:32:36',NULL),(819,'63111','Buenavista',63,'2024-11-01 22:32:36',NULL),(820,'63130','Calarca',63,'2024-11-01 22:32:36',NULL),(821,'63190','Circasia',63,'2024-11-01 22:32:36',NULL),(822,'63212','Cordoba',63,'2024-11-01 22:32:36',NULL),(823,'63272','Filandia',63,'2024-11-01 22:32:36',NULL),(824,'63302','Genova',63,'2024-11-01 22:32:36',NULL),(825,'63401','La Tebaida',63,'2024-11-01 22:32:36',NULL),(826,'63470','Montenegro',63,'2024-11-01 22:32:36',NULL),(827,'63548','Pijao',63,'2024-11-01 22:32:36',NULL),(828,'63594','Quimbaya',63,'2024-11-01 22:32:36',NULL),(829,'63690','Salento',63,'2024-11-01 22:32:36',NULL),(830,'66001','Pereira',66,'2024-11-01 22:32:36',NULL),(831,'66045','Apia',66,'2024-11-01 22:32:36',NULL),(832,'66075','Balboa',66,'2024-11-01 22:32:36',NULL),(833,'66088','Belen De Umbria',66,'2024-11-01 22:32:36',NULL),(834,'66170','Dosquebradas',66,'2024-11-01 22:32:36',NULL),(835,'66318','Guatica',66,'2024-11-01 22:32:36',NULL),(836,'66383','La Celia',66,'2024-11-01 22:32:36',NULL),(837,'66400','La Virginia',66,'2024-11-01 22:32:36',NULL),(838,'66440','Marsella',66,'2024-11-01 22:32:36',NULL),(839,'66456','Mistrato',66,'2024-11-01 22:32:36',NULL),(840,'66572','Pueblo Rico',66,'2024-11-01 22:32:36',NULL),(841,'66594','Quinchia',66,'2024-11-01 22:32:36',NULL),(842,'66682','Santa Rosa De Cabal',66,'2024-11-01 22:32:36',NULL),(843,'66687','Santuario',66,'2024-11-01 22:32:36',NULL),(844,'68001','Bucaramanga',68,'2024-11-01 22:32:36',NULL),(845,'68013','Aguada',68,'2024-11-01 22:32:36',NULL),(846,'68020','Albania',68,'2024-11-01 22:32:36',NULL),(847,'68051','Aratoca',68,'2024-11-01 22:32:36',NULL),(848,'68077','Barbosa',68,'2024-11-01 22:32:36',NULL),(849,'68079','Barichara',68,'2024-11-01 22:32:36',NULL),(850,'68081','Barrancabermeja',68,'2024-11-01 22:32:36',NULL),(851,'68092','Betulia',68,'2024-11-01 22:32:36',NULL),(852,'68101','Bolivar',68,'2024-11-01 22:32:36',NULL),(853,'68121','Cabrera',68,'2024-11-01 22:32:36',NULL),(854,'68132','California',68,'2024-11-01 22:32:36',NULL),(855,'68147','Capitanejo',68,'2024-11-01 22:32:36',NULL),(856,'68152','Carcasi',68,'2024-11-01 22:32:36',NULL),(857,'68160','Cepita',68,'2024-11-01 22:32:36',NULL),(858,'68162','Cerrito',68,'2024-11-01 22:32:36',NULL),(859,'68167','Charala',68,'2024-11-01 22:32:36',NULL),(860,'68169','Charta',68,'2024-11-01 22:32:36',NULL),(861,'68176','Chima',68,'2024-11-01 22:32:36',NULL),(862,'68179','Chipata',68,'2024-11-01 22:32:36',NULL),(863,'68190','Cimitarra',68,'2024-11-01 22:32:36',NULL),(864,'68207','Concepcion',68,'2024-11-01 22:32:36',NULL),(865,'68209','Confines',68,'2024-11-01 22:32:36',NULL),(866,'68211','Contratacion',68,'2024-11-01 22:32:36',NULL),(867,'68217','Coromoro',68,'2024-11-01 22:32:36',NULL),(868,'68229','Curiti',68,'2024-11-01 22:32:36',NULL),(869,'68235','El Carmen De Chucuri',68,'2024-11-01 22:32:36',NULL),(870,'68245','El Guacamayo',68,'2024-11-01 22:32:36',NULL),(871,'68250','El Peñon',68,'2024-11-01 22:32:36',NULL),(872,'68255','El Playon',68,'2024-11-01 22:32:36',NULL),(873,'68264','Encino',68,'2024-11-01 22:32:36',NULL),(874,'68266','Enciso',68,'2024-11-01 22:32:36',NULL),(875,'68271','Florian',68,'2024-11-01 22:32:36',NULL),(876,'68276','Floridablanca',68,'2024-11-01 22:32:36',NULL),(877,'68296','Galan',68,'2024-11-01 22:32:36',NULL),(878,'68298','Gambita',68,'2024-11-01 22:32:36',NULL),(879,'68307','Giron',68,'2024-11-01 22:32:36',NULL),(880,'68318','Guaca',68,'2024-11-01 22:32:36',NULL),(881,'68320','Guadalupe',68,'2024-11-01 22:32:36',NULL),(882,'68322','Guapota',68,'2024-11-01 22:32:36',NULL),(883,'68324','Guavata',68,'2024-11-01 22:32:36',NULL),(884,'68327','Gsepsa',68,'2024-11-01 22:32:36',NULL),(885,'68344','Hato',68,'2024-11-01 22:32:36',NULL),(886,'68368','Jesus Maria',68,'2024-11-01 22:32:36',NULL),(887,'68370','Jordan',68,'2024-11-01 22:32:36',NULL),(888,'68377','La Belleza',68,'2024-11-01 22:32:36',NULL),(889,'68385','Landazuri',68,'2024-11-01 22:32:36',NULL),(890,'68397','La Paz',68,'2024-11-01 22:32:36',NULL),(891,'68406','Lebrija',68,'2024-11-01 22:32:36',NULL),(892,'68418','Los Santos',68,'2024-11-01 22:32:36',NULL),(893,'68425','Macaravita',68,'2024-11-01 22:32:36',NULL),(894,'68432','Malaga',68,'2024-11-01 22:32:36',NULL),(895,'68444','Matanza',68,'2024-11-01 22:32:36',NULL),(896,'68464','Mogotes',68,'2024-11-01 22:32:36',NULL),(897,'68468','Molagavita',68,'2024-11-01 22:32:36',NULL),(898,'68498','Ocamonte',68,'2024-11-01 22:32:36',NULL),(899,'68500','Oiba',68,'2024-11-01 22:32:36',NULL),(900,'68502','Onzaga',68,'2024-11-01 22:32:36',NULL),(901,'68522','Palmar',68,'2024-11-01 22:32:36',NULL),(902,'68524','Palmas Del Socorro',68,'2024-11-01 22:32:36',NULL),(903,'68533','Paramo',68,'2024-11-01 22:32:36',NULL),(904,'68547','Piedecuesta',68,'2024-11-01 22:32:36',NULL),(905,'68549','Pinchote',68,'2024-11-01 22:32:36',NULL),(906,'68572','Puente Nacional',68,'2024-11-01 22:32:36',NULL),(907,'68573','Puerto Parra',68,'2024-11-01 22:32:36',NULL),(908,'68575','Puerto Wilches',68,'2024-11-01 22:32:36',NULL),(909,'68615','Rionegro',68,'2024-11-01 22:32:36',NULL),(910,'68655','Sabana De Torres',68,'2024-11-01 22:32:36',NULL),(911,'68669','San Andres',68,'2024-11-01 22:32:36',NULL),(912,'68673','San Benito',68,'2024-11-01 22:32:36',NULL),(913,'68679','San Gil',68,'2024-11-01 22:32:36',NULL),(914,'68682','San Joaquin',68,'2024-11-01 22:32:36',NULL),(915,'68684','San Jose De Miranda',68,'2024-11-01 22:32:36',NULL),(916,'68686','San Miguel',68,'2024-11-01 22:32:36',NULL),(917,'68689','San Vicente De Chucuri',68,'2024-11-01 22:32:36',NULL),(918,'68705','Santa Barbara',68,'2024-11-01 22:32:36',NULL),(919,'68720','Santa Helena Del Opon',68,'2024-11-01 22:32:36',NULL),(920,'68745','Simacota',68,'2024-11-01 22:32:36',NULL),(921,'68755','Socorro',68,'2024-11-01 22:32:36',NULL),(922,'68770','Suaita',68,'2024-11-01 22:32:36',NULL),(923,'68773','Sucre',68,'2024-11-01 22:32:36',NULL),(924,'68780','Surata',68,'2024-11-01 22:32:36',NULL),(925,'68820','Tona',68,'2024-11-01 22:32:36',NULL),(926,'68855','Valle De San Jose',68,'2024-11-01 22:32:36',NULL),(927,'68861','Velez',68,'2024-11-01 22:32:36',NULL),(928,'68867','Vetas',68,'2024-11-01 22:32:36',NULL),(929,'68872','Villanueva',68,'2024-11-01 22:32:36',NULL),(930,'68895','Zapatoca',68,'2024-11-01 22:32:36',NULL),(931,'70001','Sincelejo',70,'2024-11-01 22:32:36',NULL),(932,'70110','Buenavista',70,'2024-11-01 22:32:36',NULL),(933,'70124','Caimito',70,'2024-11-01 22:32:36',NULL),(934,'70204','Coloso',70,'2024-11-01 22:32:36',NULL),(935,'70215','Corozal',70,'2024-11-01 22:32:36',NULL),(936,'70221','Coveñas',70,'2024-11-01 22:32:36',NULL),(937,'70230','Chalan',70,'2024-11-01 22:32:36',NULL),(938,'70233','El Roble',70,'2024-11-01 22:32:36',NULL),(939,'70235','Galeras',70,'2024-11-01 22:32:36',NULL),(940,'70265','Guaranda',70,'2024-11-01 22:32:36',NULL),(941,'70400','La Union',70,'2024-11-01 22:32:36',NULL),(942,'70418','Los Palmitos',70,'2024-11-01 22:32:36',NULL),(943,'70429','Majagual',70,'2024-11-01 22:32:36',NULL),(944,'70473','Morroa',70,'2024-11-01 22:32:36',NULL),(945,'70508','Ovejas',70,'2024-11-01 22:32:36',NULL),(946,'70523','Palmito',70,'2024-11-01 22:32:36',NULL),(947,'70670','Sampues',70,'2024-11-01 22:32:36',NULL),(948,'70678','San Benito Abad',70,'2024-11-01 22:32:36',NULL),(949,'70702','San Juan De Betulia',70,'2024-11-01 22:32:36',NULL),(950,'70708','San Marcos',70,'2024-11-01 22:32:36',NULL),(951,'70713','San Onofre',70,'2024-11-01 22:32:36',NULL),(952,'70717','San Pedro',70,'2024-11-01 22:32:36',NULL),(953,'70742','San Luis De Since',70,'2024-11-01 22:32:36',NULL),(954,'70771','Sucre',70,'2024-11-01 22:32:36',NULL),(955,'70820','Santiago De Tolu',70,'2024-11-01 22:32:36',NULL),(956,'70823','Tolu Viejo',70,'2024-11-01 22:32:36',NULL),(957,'73001','Ibague',73,'2024-11-01 22:32:36',NULL),(958,'73024','Alpujarra',73,'2024-11-01 22:32:36',NULL),(959,'73026','Alvarado',73,'2024-11-01 22:32:36',NULL),(960,'73030','Ambalema',73,'2024-11-01 22:32:36',NULL),(961,'73043','Anzoategui',73,'2024-11-01 22:32:36',NULL),(962,'73055','Armero',73,'2024-11-01 22:32:36',NULL),(963,'73067','Ataco',73,'2024-11-01 22:32:36',NULL),(964,'73124','Cajamarca',73,'2024-11-01 22:32:36',NULL),(965,'73148','Carmen De Apicala',73,'2024-11-01 22:32:36',NULL),(966,'73152','Casabianca',73,'2024-11-01 22:32:36',NULL),(967,'73168','Chaparral',73,'2024-11-01 22:32:36',NULL),(968,'73200','Coello',73,'2024-11-01 22:32:36',NULL),(969,'73217','Coyaima',73,'2024-11-01 22:32:36',NULL),(970,'73226','Cunday',73,'2024-11-01 22:32:36',NULL),(971,'73236','Dolores',73,'2024-11-01 22:32:36',NULL),(972,'73268','Espinal',73,'2024-11-01 22:32:36',NULL),(973,'73270','Falan',73,'2024-11-01 22:32:36',NULL),(974,'73275','Flandes',73,'2024-11-01 22:32:36',NULL),(975,'73283','Fresno',73,'2024-11-01 22:32:36',NULL),(976,'73319','Guamo',73,'2024-11-01 22:32:36',NULL),(977,'73347','Herveo',73,'2024-11-01 22:32:36',NULL),(978,'73349','Honda',73,'2024-11-01 22:32:36',NULL),(979,'73352','Icononzo',73,'2024-11-01 22:32:36',NULL),(980,'73408','Lerida',73,'2024-11-01 22:32:36',NULL),(981,'73411','Libano',73,'2024-11-01 22:32:36',NULL),(982,'73443','Mariquita',73,'2024-11-01 22:32:36',NULL),(983,'73449','Melgar',73,'2024-11-01 22:32:36',NULL),(984,'73461','Murillo',73,'2024-11-01 22:32:36',NULL),(985,'73483','Natagaima',73,'2024-11-01 22:32:36',NULL),(986,'73504','Ortega',73,'2024-11-01 22:32:36',NULL),(987,'73520','Palocabildo',73,'2024-11-01 22:32:36',NULL),(988,'73547','Piedras',73,'2024-11-01 22:32:36',NULL),(989,'73555','Planadas',73,'2024-11-01 22:32:36',NULL),(990,'73563','Prado',73,'2024-11-01 22:32:36',NULL),(991,'73585','Purificacion',73,'2024-11-01 22:32:36',NULL),(992,'73616','Rioblanco',73,'2024-11-01 22:32:36',NULL),(993,'73622','Roncesvalles',73,'2024-11-01 22:32:36',NULL),(994,'73624','Rovira',73,'2024-11-01 22:32:36',NULL),(995,'73671','Saldaña',73,'2024-11-01 22:32:36',NULL),(996,'73675','San Antonio',73,'2024-11-01 22:32:36',NULL),(997,'73678','San Luis',73,'2024-11-01 22:32:36',NULL),(998,'73686','Santa Isabel',73,'2024-11-01 22:32:36',NULL),(999,'73770','Suarez',73,'2024-11-01 22:32:36',NULL),(1000,'73854','Valle De San Juan',73,'2024-11-01 22:32:36',NULL),(1001,'73861','Venadillo',73,'2024-11-01 22:32:36',NULL),(1002,'73870','Villahermosa',73,'2024-11-01 22:32:36',NULL),(1003,'73873','Villarrica',73,'2024-11-01 22:32:36',NULL),(1004,'76001','Cali',76,'2024-11-01 22:32:36',NULL),(1005,'76020','Alcala',76,'2024-11-01 22:32:36',NULL),(1006,'76036','Andalucia',76,'2024-11-01 22:32:36',NULL),(1007,'76041','Ansermanuevo',76,'2024-11-01 22:32:36',NULL),(1008,'76054','Argelia',76,'2024-11-01 22:32:36',NULL),(1009,'76100','Bolivar',76,'2024-11-01 22:32:36',NULL),(1010,'76109','Buenaventura',76,'2024-11-01 22:32:36',NULL),(1011,'76111','Guadalajara De Buga',76,'2024-11-01 22:32:36',NULL),(1012,'76113','Bugalagrande',76,'2024-11-01 22:32:36',NULL),(1013,'76122','Caicedonia',76,'2024-11-01 22:32:36',NULL),(1014,'76126','Calima',76,'2024-11-01 22:32:36',NULL),(1015,'76130','Candelaria',76,'2024-11-01 22:32:36',NULL),(1016,'76147','Cartago',76,'2024-11-01 22:32:36',NULL),(1017,'76233','Dagua',76,'2024-11-01 22:32:36',NULL),(1018,'76243','El Aguila',76,'2024-11-01 22:32:36',NULL),(1019,'76246','El Cairo',76,'2024-11-01 22:32:36',NULL),(1020,'76248','El Cerrito',76,'2024-11-01 22:32:36',NULL),(1021,'76250','El Dovio',76,'2024-11-01 22:32:36',NULL),(1022,'76275','Florida',76,'2024-11-01 22:32:36',NULL),(1023,'76306','Ginebra',76,'2024-11-01 22:32:36',NULL),(1024,'76318','Guacari',76,'2024-11-01 22:32:36',NULL),(1025,'76364','Jamundi',76,'2024-11-01 22:32:36',NULL),(1026,'76377','La Cumbre',76,'2024-11-01 22:32:36',NULL),(1027,'76400','La Union',76,'2024-11-01 22:32:36',NULL),(1028,'76403','La Victoria',76,'2024-11-01 22:32:36',NULL),(1029,'76497','Obando',76,'2024-11-01 22:32:36',NULL),(1030,'76520','Palmira',76,'2024-11-01 22:32:36',NULL),(1031,'76563','Pradera',76,'2024-11-01 22:32:36',NULL),(1032,'76606','Restrepo',76,'2024-11-01 22:32:36',NULL),(1033,'76616','Riofrio',76,'2024-11-01 22:32:36',NULL),(1034,'76622','Roldanillo',76,'2024-11-01 22:32:36',NULL),(1035,'76670','San Pedro',76,'2024-11-01 22:32:36',NULL),(1036,'76736','Sevilla',76,'2024-11-01 22:32:36',NULL),(1037,'76823','Toro',76,'2024-11-01 22:32:36',NULL),(1038,'76828','Trujillo',76,'2024-11-01 22:32:36',NULL),(1039,'76834','Tulua',76,'2024-11-01 22:32:36',NULL),(1040,'76845','Ulloa',76,'2024-11-01 22:32:36',NULL),(1041,'76863','Versalles',76,'2024-11-01 22:32:36',NULL),(1042,'76869','Vijes',76,'2024-11-01 22:32:36',NULL),(1043,'76890','Yotoco',76,'2024-11-01 22:32:36',NULL),(1044,'76892','Yumbo',76,'2024-11-01 22:32:36',NULL),(1045,'76895','Zarzal',76,'2024-11-01 22:32:36',NULL),(1046,'81001','Arauca',81,'2024-11-01 22:32:36',NULL),(1047,'81065','Arauquita',81,'2024-11-01 22:32:36',NULL),(1048,'81220','Cravo Norte',81,'2024-11-01 22:32:36',NULL),(1049,'81300','Fortul',81,'2024-11-01 22:32:36',NULL),(1050,'81591','Puerto Rondon',81,'2024-11-01 22:32:36',NULL),(1051,'81736','Saravena',81,'2024-11-01 22:32:36',NULL),(1052,'81794','Tame',81,'2024-11-01 22:32:36',NULL),(1053,'85001','Yopal',85,'2024-11-01 22:32:36',NULL),(1054,'85010','Aguazul',85,'2024-11-01 22:32:36',NULL),(1055,'85015','Chameza',85,'2024-11-01 22:32:36',NULL),(1056,'85125','Hato Corozal',85,'2024-11-01 22:32:36',NULL),(1057,'85136','La Salina',85,'2024-11-01 22:32:36',NULL),(1058,'85139','Mani',85,'2024-11-01 22:32:36',NULL),(1059,'85162','Monterrey',85,'2024-11-01 22:32:36',NULL),(1060,'85225','Nunchia',85,'2024-11-01 22:32:36',NULL),(1061,'85230','Orocue',85,'2024-11-01 22:32:36',NULL),(1062,'85250','Paz De Ariporo',85,'2024-11-01 22:32:36',NULL),(1063,'85263','Pore',85,'2024-11-01 22:32:36',NULL),(1064,'85279','Recetor',85,'2024-11-01 22:32:36',NULL),(1065,'85300','Sabanalarga',85,'2024-11-01 22:32:36',NULL),(1066,'85315','Sacama',85,'2024-11-01 22:32:36',NULL),(1067,'85325','San Luis De Palenque',85,'2024-11-01 22:32:36',NULL),(1068,'85400','Tamara',85,'2024-11-01 22:32:36',NULL),(1069,'85410','Tauramena',85,'2024-11-01 22:32:36',NULL),(1070,'85430','Trinidad',85,'2024-11-01 22:32:36',NULL),(1071,'85440','Villanueva',85,'2024-11-01 22:32:36',NULL),(1072,'86001','Mocoa',27,'2024-11-01 22:32:36',NULL),(1073,'86219','Colon',27,'2024-11-01 22:32:36',NULL),(1074,'86320','Orito',27,'2024-11-01 22:32:36',NULL),(1075,'86568','Puerto Asis',27,'2024-11-01 22:32:36',NULL),(1076,'86569','Puerto Caicedo',27,'2024-11-01 22:32:36',NULL),(1077,'86571','Puerto Guzman',27,'2024-11-01 22:32:36',NULL),(1078,'86573','Leguizamo',27,'2024-11-01 22:32:36',NULL),(1079,'86749','Sibundoy',27,'2024-11-01 22:32:36',NULL),(1080,'86755','San Francisco',27,'2024-11-01 22:32:36',NULL),(1081,'86757','San Miguel',27,'2024-11-01 22:32:36',NULL),(1082,'86760','Santiago',27,'2024-11-01 22:32:36',NULL),(1083,'86865','Valle Del Guamuez',27,'2024-11-01 22:32:36',NULL),(1084,'86885','Villagarzon',27,'2024-11-01 22:32:36',NULL),(1085,'88001','San Andres',28,'2024-11-01 22:32:36',NULL),(1086,'88564','Providencia',28,'2024-11-01 22:32:36',NULL),(1087,'91001','Leticia',29,'2024-11-01 22:32:36',NULL),(1088,'91263','El Encanto',29,'2024-11-01 22:32:36',NULL),(1089,'91405','La Chorrera',29,'2024-11-01 22:32:36',NULL),(1090,'91407','La Pedrera',29,'2024-11-01 22:32:36',NULL),(1091,'91430','La Victoria',29,'2024-11-01 22:32:36',NULL),(1092,'91460','Miriti - Parana',29,'2024-11-01 22:32:36',NULL),(1093,'91530','Puerto Alegria',29,'2024-11-01 22:32:36',NULL),(1094,'91536','Puerto Arica',29,'2024-11-01 22:32:36',NULL),(1095,'91540','Puerto Nariño',29,'2024-11-01 22:32:36',NULL),(1096,'91669','Puerto Santander',29,'2024-11-01 22:32:36',NULL),(1097,'91798','Tarapaca',29,'2024-11-01 22:32:36',NULL),(1098,'94001','Inirida',30,'2024-11-01 22:32:36',NULL),(1099,'94343','Barranco Minas',30,'2024-11-01 22:32:36',NULL),(1100,'94663','Mapiripana',30,'2024-11-01 22:32:36',NULL),(1101,'94883','San Felipe',30,'2024-11-01 22:32:36',NULL),(1102,'94884','Puerto Colombia',30,'2024-11-01 22:32:36',NULL),(1103,'94885','La Guadalupe',30,'2024-11-01 22:32:36',NULL),(1104,'94886','Cacahual',30,'2024-11-01 22:32:36',NULL),(1105,'94887','Pana Pana',30,'2024-11-01 22:32:36',NULL),(1106,'94888','Morichal',30,'2024-11-01 22:32:36',NULL),(1107,'95001','San Jose Del Guaviare',31,'2024-11-01 22:32:36',NULL),(1108,'95015','Calamar',31,'2024-11-01 22:32:36',NULL),(1109,'95025','El Retorno',31,'2024-11-01 22:32:36',NULL),(1110,'95200','Miraflores',31,'2024-11-01 22:32:36',NULL),(1111,'97001','Mitu',32,'2024-11-01 22:32:36',NULL),(1112,'97161','Caruru',32,'2024-11-01 22:32:36',NULL),(1113,'97511','Pacoa',32,'2024-11-01 22:32:36',NULL),(1114,'97666','Taraira',32,'2024-11-01 22:32:36',NULL),(1115,'97777','Papunaua',32,'2024-11-01 22:32:36',NULL),(1116,'97889','Yavarate',32,'2024-11-01 22:32:36',NULL),(1117,'99001','Puerto Carreño',33,'2024-11-01 22:32:36',NULL),(1118,'99524','La Primavera',33,'2024-11-01 22:32:36',NULL),(1119,'99624','Santa Rosalia',33,'2024-11-01 22:32:36',NULL),(1120,'99773','Cumaribo',33,'2024-11-01 22:32:36',NULL);
/*!40000 ALTER TABLE `municipio` ENABLE KEYS */;
UNLOCK TABLES;

--
-- Table structure for table `permiso`
--

DROP TABLE IF EXISTS `permiso`;
/*!40101 SET @saved_cs_client     = @@character_set_client */;
/*!50503 SET character_set_client = utf8mb4 */;
CREATE TABLE `permiso` (
  `id` int NOT NULL AUTO_INCREMENT,
  `nombre` varchar(50) COLLATE utf8mb4_unicode_ci NOT NULL,
  `descripcion` varchar(255) COLLATE utf8mb4_unicode_ci DEFAULT NULL,
  PRIMARY KEY (`id`)
) ENGINE=InnoDB AUTO_INCREMENT=4 DEFAULT CHARSET=utf8mb4 COLLATE=utf8mb4_unicode_ci;
/*!40101 SET character_set_client = @saved_cs_client */;

--
-- Dumping data for table `permiso`
--

LOCK TABLES `permiso` WRITE;
/*!40000 ALTER TABLE `permiso` DISABLE KEYS */;
INSERT INTO `permiso` VALUES (1,'Crear Evento','Permiso para crear eventos'),(2,'Editar Evento','Permiso para editar eventos'),(3,'Eliminar Evento','Permiso para eliminar eventos');
/*!40000 ALTER TABLE `permiso` ENABLE KEYS */;
UNLOCK TABLES;

--
-- Table structure for table `rol`
--

DROP TABLE IF EXISTS `rol`;
/*!40101 SET @saved_cs_client     = @@character_set_client */;
/*!50503 SET character_set_client = utf8mb4 */;
CREATE TABLE `rol` (
  `id` int NOT NULL AUTO_INCREMENT,
  `nombre` varchar(30) COLLATE utf8mb4_unicode_ci NOT NULL,
  `fecha_creacion` timestamp NOT NULL DEFAULT CURRENT_TIMESTAMP,
  `fecha_modificacion` timestamp NULL DEFAULT NULL ON UPDATE CURRENT_TIMESTAMP,
  PRIMARY KEY (`id`)
) ENGINE=InnoDB AUTO_INCREMENT=4 DEFAULT CHARSET=utf8mb4 COLLATE=utf8mb4_unicode_ci;
/*!40101 SET character_set_client = @saved_cs_client */;

--
-- Dumping data for table `rol`
--

LOCK TABLES `rol` WRITE;
/*!40000 ALTER TABLE `rol` DISABLE KEYS */;
INSERT INTO `rol` VALUES (1,'Administrador','2024-11-01 22:41:05',NULL),(2,'Organizador','2024-11-01 22:41:05',NULL),(3,'Usuario','2024-11-01 22:41:05',NULL);
/*!40000 ALTER TABLE `rol` ENABLE KEYS */;
UNLOCK TABLES;

--
-- Table structure for table `rol_permiso`
--

DROP TABLE IF EXISTS `rol_permiso`;
/*!40101 SET @saved_cs_client     = @@character_set_client */;
/*!50503 SET character_set_client = utf8mb4 */;
CREATE TABLE `rol_permiso` (
  `id` int NOT NULL AUTO_INCREMENT,
  `id_rol` int NOT NULL,
  `id_permiso` int NOT NULL,
  PRIMARY KEY (`id`),
  KEY `fk_rol_permiso_rol` (`id_rol`),
  KEY `fk_rol_permiso_permiso` (`id_permiso`),
  CONSTRAINT `fk_rol_permiso_permiso` FOREIGN KEY (`id_permiso`) REFERENCES `permiso` (`id`),
  CONSTRAINT `fk_rol_permiso_rol` FOREIGN KEY (`id_rol`) REFERENCES `rol` (`id`)
) ENGINE=InnoDB AUTO_INCREMENT=6 DEFAULT CHARSET=utf8mb4 COLLATE=utf8mb4_unicode_ci;
/*!40101 SET character_set_client = @saved_cs_client */;

--
-- Dumping data for table `rol_permiso`
--

LOCK TABLES `rol_permiso` WRITE;
/*!40000 ALTER TABLE `rol_permiso` DISABLE KEYS */;
INSERT INTO `rol_permiso` VALUES (1,1,1),(2,1,2),(3,1,3),(4,2,1),(5,2,2);
/*!40000 ALTER TABLE `rol_permiso` ENABLE KEYS */;
UNLOCK TABLES;

--
-- Table structure for table `usuario`
--

DROP TABLE IF EXISTS `usuario`;
/*!40101 SET @saved_cs_client     = @@character_set_client */;
/*!50503 SET character_set_client = utf8mb4 */;
CREATE TABLE `usuario` (
  `id` int NOT NULL AUTO_INCREMENT,
  `cedula` varchar(10) COLLATE utf8mb4_unicode_ci NOT NULL,
  `nombre` varchar(30) COLLATE utf8mb4_unicode_ci NOT NULL,
  `apellido` varchar(30) COLLATE utf8mb4_unicode_ci NOT NULL,
  `telefono` varchar(12) COLLATE utf8mb4_unicode_ci NOT NULL,
  `email` varchar(100) COLLATE utf8mb4_unicode_ci NOT NULL,
  `contraseña` varchar(255) COLLATE utf8mb4_unicode_ci NOT NULL,
  `id_municipio` int NOT NULL,
  `estado` tinyint NOT NULL DEFAULT '1',
  `id_rol` int NOT NULL,
  `fecha_creacion` timestamp NOT NULL DEFAULT CURRENT_TIMESTAMP,
  `fecha_modificacion` timestamp NULL DEFAULT NULL ON UPDATE CURRENT_TIMESTAMP,
  PRIMARY KEY (`id`),
  UNIQUE KEY `email_UNIQUE` (`email`),
  UNIQUE KEY `cedula_UNIQUE` (`cedula`),
  UNIQUE KEY `telefono_UNIQUE` (`telefono`),
  KEY `fk_usuario_rol` (`id_rol`),
  KEY `fk_usuario_municipio` (`id_municipio`),
  CONSTRAINT `fk_usuario_municipio` FOREIGN KEY (`id_municipio`) REFERENCES `municipio` (`id`),
  CONSTRAINT `fk_usuario_rol` FOREIGN KEY (`id_rol`) REFERENCES `rol` (`id`)
) ENGINE=InnoDB AUTO_INCREMENT=4 DEFAULT CHARSET=utf8mb4 COLLATE=utf8mb4_unicode_ci;
/*!40101 SET character_set_client = @saved_cs_client */;

--
-- Dumping data for table `usuario`
--

LOCK TABLES `usuario` WRITE;
/*!40000 ALTER TABLE `usuario` DISABLE KEYS */;
INSERT INTO `usuario` VALUES (1,'1234567890','Juan','Pérez','3001234567','juan.perez@example.com','password123',1,1,1,'2024-11-01 22:43:03',NULL),(2,'0987654321','Ana','Gómez','3107654321','ana.gomez@example.com','password123',2,1,2,'2024-11-01 22:43:03',NULL),(3,'1122334455','Luis','Martínez','3201122334','luis.martinez@example.com','password123',3,1,3,'2024-11-01 22:43:03',NULL);
/*!40000 ALTER TABLE `usuario` ENABLE KEYS */;
UNLOCK TABLES;

--
-- Table structure for table `usuario_emprendimiento`
--

DROP TABLE IF EXISTS `usuario_emprendimiento`;
/*!40101 SET @saved_cs_client     = @@character_set_client */;
/*!50503 SET character_set_client = utf8mb4 */;
CREATE TABLE `usuario_emprendimiento` (
  `id` int NOT NULL AUTO_INCREMENT,
  `id_usuario` int NOT NULL,
  `id_emprendimiento` int NOT NULL,
  `fecha_creacion` timestamp NOT NULL DEFAULT CURRENT_TIMESTAMP,
  `fecha_modificacion` timestamp NULL DEFAULT NULL ON UPDATE CURRENT_TIMESTAMP,
  PRIMARY KEY (`id`),
  KEY `fk_usuario_emprendimiento_usuario` (`id_usuario`),
  KEY `fk_usuario_emprendimiento_emprendimiento` (`id_emprendimiento`),
  CONSTRAINT `fk_usuario_emprendimiento_emprendimiento` FOREIGN KEY (`id_emprendimiento`) REFERENCES `emprendimiento` (`id`),
  CONSTRAINT `fk_usuario_emprendimiento_usuario` FOREIGN KEY (`id_usuario`) REFERENCES `usuario` (`id`)
) ENGINE=InnoDB AUTO_INCREMENT=4 DEFAULT CHARSET=utf8mb4 COLLATE=utf8mb4_unicode_ci;
/*!40101 SET character_set_client = @saved_cs_client */;

--
-- Dumping data for table `usuario_emprendimiento`
--

LOCK TABLES `usuario_emprendimiento` WRITE;
/*!40000 ALTER TABLE `usuario_emprendimiento` DISABLE KEYS */;
INSERT INTO `usuario_emprendimiento` VALUES (1,1,1,'2024-11-01 22:45:26',NULL),(2,2,2,'2024-11-01 22:45:26',NULL),(3,3,3,'2024-11-01 22:45:26',NULL);
/*!40000 ALTER TABLE `usuario_emprendimiento` ENABLE KEYS */;
UNLOCK TABLES;
/*!40103 SET TIME_ZONE=@OLD_TIME_ZONE */;

/*!40101 SET SQL_MODE=@OLD_SQL_MODE */;
/*!40014 SET FOREIGN_KEY_CHECKS=@OLD_FOREIGN_KEY_CHECKS */;
/*!40014 SET UNIQUE_CHECKS=@OLD_UNIQUE_CHECKS */;
/*!40101 SET CHARACTER_SET_CLIENT=@OLD_CHARACTER_SET_CLIENT */;
/*!40101 SET CHARACTER_SET_RESULTS=@OLD_CHARACTER_SET_RESULTS */;
/*!40101 SET COLLATION_CONNECTION=@OLD_COLLATION_CONNECTION */;
/*!40111 SET SQL_NOTES=@OLD_SQL_NOTES */;

-- Dump completed on 2024-11-01 17:52:51
